experiment,macro_f0_5,precision,recall,singleton_accuracy,singletons,predicted_links,false_positives,false_negatives,threshold
weighted_similarity,0.0777295157916264,0.0626200395260584,0.8786616325999219,0.0,99,107777,101028,932,0.1
weighted_similarity,0.0777557366883153,0.0626409839870039,0.8785314412185913,0.0,99,107725,100977,933,0.2
weighted_similarity,0.078918235866483,0.0634637693461222,0.8760578049733108,0.0,99,106029,99300,952,0.3
weighted_similarity,0.0816293369964872,0.0651900768489027,0.8713709152454108,0.0,99,102669,95976,988,0.35
weighted_similarity,0.0889903210503289,0.0693824053685645,0.8614763702642885,0.0,99,95370,88753,1064,0.4
weighted_similarity,0.1082722650575342,0.07882282808375,0.8435099596406718,0.0,99,82197,75718,1202,0.45
weighted_similarity,0.1553383995206971,0.0973474555335968,0.8208566592891551,0.0,99,64768,58463,1376,0.5
weighted_similarity,0.2375462293276617,0.131994599344206,0.8018487176148938,0.0,99,46661,40502,1522,0.55
weighted_similarity,0.3505283925988086,0.1955131358850733,0.7760708241114438,0.0,99,30489,24528,1720,0.6
weighted_similarity,0.4648941807593145,0.3103801012167546,0.7505533133706549,0.0202020202020202,99,18574,12809,1916,0.65
weighted_similarity,0.5650633606077574,0.4893350062735257,0.7108449420648353,0.101010101010101,99,11158,5698,2221,0.7
weighted_similarity,0.6414060294276992,0.7220428529498092,0.6405415961463351,0.2121212121212121,99,6814,1894,2761,0.75
weighted_similarity,0.6407596324540029,0.8172810146650813,0.5369092566072126,0.4141414141414141,99,5046,922,3557,0.8
weighted_similarity,0.6215312267818176,0.8385949310804802,0.4910818903788569,0.4747474747474747,99,4498,726,3909,0.82
weighted_similarity,0.5869169154315865,0.858793324775353,0.4354901705507095,0.5252525252525253,99,3895,550,4336,0.84
weighted_similarity,0.5508142717254058,0.8830268314742237,0.3813305559171983,0.6262626262626263,99,3317,388,4752,0.86
weighted_similarity,0.5002237189486148,0.908148148148148,0.3192292670225231,0.7373737373737373,99,2700,248,5229,0.88
weighted_similarity,0.441663016472616,0.9340505144995322,0.2599921885171202,0.8181818181818182,99,2138,141,5684,0.9
weighted_similarity,0.4079444927488998,0.9527430744160782,0.228355682853795,0.8787878787878788,99,1841,87,5927,0.91
weighted_similarity,0.373315148017642,0.9670468948035488,0.1986720479104283,0.9494949494949496,99,1578,52,6155,0.92
weighted_similarity,0.3409275589458027,0.9804804804804804,0.170029944017706,0.9797979797979798,99,1332,26,6375,0.93
weighted_similarity,0.2924914844183249,0.9878048780487804,0.1370915245410753,0.9797979797979798,99,1066,13,6628,0.94
weighted_similarity,0.2481786173641677,0.9941037735849056,0.1097513344616586,0.98989898989899,99,848,5,6838,0.95
weighted_similarity,0.2018812662048907,0.9951923076923076,0.0808488478062752,1.0,99,624,3,7060,0.96
weighted_similarity,0.1483218377779783,0.9974554707379136,0.0510350214815779,1.0,99,393,1,7289,0.97
weighted_similarity,0.1095440952255674,0.9958333333333332,0.0311157401380028,1.0,99,240,1,7442,0.98
weighted_similarity,0.0851517744424398,1.0,0.0187475589116,1.0,99,144,0,7537,0.99
weighted_similarity,0.0760183221481742,1.0,0.0145814347090222,1.0,99,112,0,7569,0.995
weighted_similarity,0.0746934314401966,1.0,0.0139304778023694,1.0,99,107,0,7574,0.999
weighted_similarity,0.6095993075873012,0.6062182154415164,0.6828537950787658,0.1717171717171717,99,8652,3407,2436,0.725
weighted_similarity,0.609931186023323,0.6097191469525697,0.6811613071214686,0.1717171717171717,99,8581,3349,2449,0.726
weighted_similarity,0.6117854917626728,0.6155204898728215,0.6805103502148158,0.1717171717171717,99,8492,3265,2454,0.727
weighted_similarity,0.611567335958095,0.6189796646450232,0.6776461398255436,0.1717171717171717,99,8409,3204,2476,0.728
weighted_similarity,0.6124305749214163,0.6227207293666027,0.6758234604869158,0.1717171717171717,99,8336,3145,2490,0.729
weighted_similarity,0.6137638277850392,0.627422480620155,0.6743913552922797,0.1717171717171717,99,8256,3076,2501,0.73
weighted_similarity,0.6161364848253941,0.6326854907712993,0.6738705897669575,0.1818181818181818,99,8181,3005,2505,0.731
weighted_similarity,0.617239372493696,0.6388200297471492,0.6710063793776851,0.1818181818181818,99,8068,2914,2527,0.732
weighted_similarity,0.6193198166093014,0.6443609022556391,0.6694440828017185,0.1818181818181818,99,7980,2838,2539,0.733
weighted_similarity,0.6212405846181815,0.6492537313432836,0.6682723603697435,0.1818181818181818,99,7906,2773,2548,0.734
weighted_similarity,0.6226194263034918,0.6519027618683976,0.6668402551751074,0.1818181818181818,99,7857,2735,2559,0.735
weighted_similarity,0.6235862978365075,0.6560975609756098,0.6654081499804713,0.1818181818181818,99,7790,2679,2570,0.736
weighted_similarity,0.6260315095862455,0.6617360840794083,0.6639760447858352,0.1919191919191919,99,7707,2607,2581,0.737
weighted_similarity,0.6277503088926087,0.667060212514758,0.6620231740658769,0.1919191919191919,99,7623,2538,2596,0.738
weighted_similarity,0.6282317547794227,0.6713018143292279,0.6599401119645879,0.1919191919191919,99,7551,2482,2612,0.739
weighted_similarity,0.6291415406268506,0.674310091987735,0.6585080067699518,0.1919191919191919,99,7501,2443,2623,0.74
weighted_similarity,0.6298957031850401,0.679929862422444,0.6562947532873323,0.1919191919191919,99,7414,2373,2640,0.741
weighted_similarity,0.6319012618656534,0.6840386447135665,0.6544720739487045,0.2121212121212121,99,7349,2322,2654,0.742
weighted_similarity,0.6331782894600759,0.6908565133572019,0.6531701601353991,0.2121212121212121,99,7262,2245,2664,0.743
weighted_similarity,0.6347651187194516,0.6962272031184742,0.6510870980341101,0.2121212121212121,99,7183,2182,2680,0.744
weighted_similarity,0.6359353126382006,0.6995094604064471,0.6497851842208046,0.2121212121212121,99,7135,2144,2690,0.745
weighted_similarity,0.6381993476261403,0.7069774051442376,0.6477021221195157,0.2121212121212121,99,7037,2062,2706,0.746
weighted_similarity,0.6386818717511958,0.7093039874231813,0.646139825543549,0.2121212121212121,99,6997,2034,2718,0.747
weighted_similarity,0.6418587427329907,0.7186864283638478,0.6439265720609295,0.2121212121212121,99,6882,1936,2735,0.748
weighted_similarity,0.6415121552131682,0.7195975503062118,0.6424944668662934,0.2121212121212121,99,6858,1923,2746,0.749
weighted_similarity,0.6414060294276992,0.7220428529498092,0.6405415961463351,0.2121212121212121,99,6814,1894,2761,0.75
weighted_similarity,0.6443633387513394,0.7301917645309945,0.6395000650956907,0.2222222222222222,99,6727,1815,2769,0.751
weighted_similarity,0.6449550565904899,0.7331637234360969,0.6378075771383934,0.2222222222222222,99,6682,1783,2782,0.752
weighted_similarity,0.6465578698496846,0.7375415282392026,0.6358547064184351,0.2222222222222222,99,6622,1738,2797,0.753
weighted_similarity,0.6473013077495263,0.7405717761557178,0.6340320270798073,0.2222222222222222,99,6576,1706,2811,0.754
weighted_similarity,0.6494842976884645,0.7455494168201351,0.6324697305038407,0.2323232323232323,99,6516,1658,2823,0.755
weighted_similarity,0.6501405700548546,0.7480314960629921,0.6307772425465434,0.2323232323232323,99,6477,1632,2836,0.756
weighted_similarity,0.6506918619739052,0.7518305031936439,0.6283036063012628,0.2424242424242424,99,6419,1593,2855,0.757
weighted_similarity,0.650612380741936,0.7536027568922306,0.6263507355813045,0.2424242424242424,99,6384,1573,2870,0.758
weighted_similarity,0.6512443062877986,0.7562628013234599,0.6249186303866684,0.2424242424242424,99,6347,1547,2881,0.759
weighted_similarity,0.6525635293212075,0.7600508501509614,0.6227053769040489,0.2626262626262626,99,6293,1510,2898,0.76
weighted_similarity,0.6521892763024758,0.7611297271421733,0.6210128889467518,0.2626262626262626,99,6267,1497,2911,0.761
weighted_similarity,0.6524153800465862,0.7628667628667629,0.619450592370785,0.2626262626262626,99,6237,1479,2923,0.762
weighted_similarity,0.6516801142870776,0.7639941926117115,0.6165863819815128,0.2626262626262626,99,6199,1463,2945,0.763
weighted_similarity,0.6517962495482498,0.7676159479251424,0.6141127457362323,0.2727272727272727,99,6145,1428,2964,0.764
weighted_similarity,0.652667451165918,0.7697983275946877,0.61124853534696,0.2828282828282828,99,6099,1404,2986,0.765
weighted_similarity,0.6526472139309912,0.7716262975778547,0.6096862387709934,0.2828282828282828,99,6069,1386,2998,0.766
weighted_similarity,0.653137710498138,0.7738193869096934,0.6079937508136961,0.2828282828282828,99,6035,1365,3011,0.767
weighted_similarity,0.6525867272835965,0.7751331557922769,0.606301262856399,0.2828282828282828,99,6008,1351,3024,0.768
weighted_similarity,0.6518457388806039,0.777200335289187,0.6035672438484573,0.2828282828282828,99,5965,1329,3045,0.769
weighted_similarity,0.6523209361920282,0.7791245791245791,0.6025257127978128,0.2828282828282828,99,5940,1312,3053,0.77
weighted_similarity,0.6517803028472344,0.7810169491525424,0.5999218851712017,0.2828282828282828,99,5900,1292,3073,0.771
weighted_similarity,0.6530400957198834,0.7833873443629541,0.5979690144512433,0.2929292929292929,99,5863,1270,3088,0.772
weighted_similarity,0.6534337759724393,0.7856529946799382,0.596016143731285,0.303030303030303,99,5827,1249,3103,0.773
weighted_similarity,0.6531793767371128,0.7869700103412617,0.5944538471553183,0.303030303030303,99,5802,1236,3115,0.774
weighted_similarity,0.65289278496053,0.7883982683982684,0.5927613591980211,0.303030303030303,99,5775,1222,3128,0.775
logistic,0.5201651210386197,0.4118834903928527,0.8763181877359719,0.0404040404040404,99,16342,9611,950,0.1
logistic,0.5854951506334283,0.4934481743227326,0.8726728290587163,0.0505050505050505,99,13584,6881,978,0.2
logistic,0.6228697228746404,0.5474116680361545,0.8673349824241635,0.0606060606060606,99,12170,5508,1019,0.3
logistic,0.6384060599083613,0.5715759607944286,0.8655123030855357,0.0707070707070707,99,11631,4983,1033,0.35
logistic,0.6516251422432796,0.5912135012054648,0.8619971357896107,0.0808080808080808,99,11199,4578,1060,0.4
logistic,0.663745425794265,0.6083832335329341,0.8597838823069913,0.0909090909090909,99,10855,4251,1077,0.45
logistic,0.6760974988510441,0.6272527891675408,0.8563989063923968,0.1111111111111111,99,10487,3909,1103,0.5
logistic,0.6859159483220504,0.6436996264989188,0.8526233563338107,0.1212121212121212,99,10174,3625,1132,0.55
logistic,0.6967457071873902,0.662096282754418,0.8487176148938941,0.1414141414141414,99,9846,3327,1162,0.6
logistic,0.7073391692734187,0.6815501263689975,0.8425986199713579,0.1717171717171717,99,9496,3024,1209,0.65
logistic,0.7173494678537374,0.7010264249836209,0.8358286681421689,0.1717171717171717,99,9158,2738,1261,0.7
logistic,0.7296204655049459,0.722007722007722,0.8277568024996745,0.2424242424242424,99,8806,2448,1323,0.75
logistic,0.7404866813815052,0.7438300901756051,0.8161697695612551,0.2929292929292929,99,8428,2159,1412,0.8
logistic,0.7461489974431792,0.7541818181818182,0.8100507746387189,0.3131313131313131,99,8250,2028,1459,0.82
logistic,0.7502167846981735,0.7628228896304536,0.8035412055721911,0.3333333333333333,99,8091,1919,1509,0.84
logistic,0.7570075803902688,0.7750537090863137,0.7984637417002994,0.3737373737373737,99,7913,1780,1548,0.86
logistic,0.7650622985846178,0.7898701298701298,0.7918239812524411,0.4141414141414141,99,7700,1618,1599,0.88
logistic,0.7725229286873254,0.8079935187685661,0.7790652258820466,0.4545454545454545,99,7406,1422,1697,0.9
logistic,0.7769033687187457,0.8202076124567474,0.7715141257648743,0.4848484848484848,99,7225,1299,1755,0.91
logistic,0.7825252760032019,0.834620886981402,0.7595365186824632,0.5454545454545454,99,6990,1156,1847,0.92
logistic,0.788273297116102,0.8477045320776928,0.7500325478453327,0.5858585858585859,99,6796,1035,1920,0.93
logistic,0.7927268851351402,0.8652525560811842,0.7381851321442521,0.6464646464646465,99,6553,883,2011,0.94
logistic,0.8004626468750436,0.8880549345257106,0.7239942715792215,0.696969696969697,99,6262,701,2120,0.95
logistic,0.7985655231626064,0.9057043073341094,0.7090222627262075,0.7070707070707071,99,6013,567,2235,0.96
logistic,0.7999522181155979,0.9261721483554932,0.689233172763963,0.7777777777777778,99,5716,422,2387,0.97
logistic,0.7909012016865032,0.9454613373178932,0.659028772295274,0.8282828282828283,99,5354,292,2619,0.98
logistic,0.765084215328934,0.9692242833052276,0.5986199713578961,0.898989898989899,99,4744,146,3083,0.99
logistic,0.7263417651251045,0.98529766208725,0.5322223668793126,0.9494949494949496,99,4149,61,3593,0.995
logistic,0.5678195496698857,0.9985035540591096,0.3474807967712537,1.0,99,2673,4,5012,0.999
logistic,0.7843157241159734,0.8390173410404624,0.7558911600052076,0.5757575757575758,99,6920,1114,1875,0.925
logistic,0.7844272099336664,0.8403653762505437,0.754589246191902,0.5757575757575758,99,6897,1101,1885,0.926
logistic,0.7864234488154609,0.8432172519306426,0.7534175237599271,0.5858585858585859,99,6863,1076,1894,0.927
logistic,0.787351897541976,0.8452868852459017,0.7518552271839605,0.5858585858585859,99,6832,1057,1906,0.928
logistic,0.7875732473056513,0.8465717222140655,0.7506835047519854,0.5858585858585859,99,6811,1045,1915,0.929
logistic,0.788273297116102,0.8477045320776928,0.7500325478453327,0.5858585858585859,99,6796,1035,1920,0.93
logistic,0.7885679087557167,0.849357554275587,0.7487306340320271,0.5858585858585859,99,6771,1020,1930,0.931
logistic,0.7891221052606243,0.8515717674970344,0.7476891029813826,0.5858585858585859,99,6744,1001,1938,0.932
logistic,0.7898410013096455,0.855046421084157,0.7433927873974743,0.6060606060606061,99,6678,968,1971,0.933
logistic,0.7903723515488864,0.8565850728337588,0.7426116391094909,0.6060606060606061,99,6659,955,1977,0.934
logistic,0.7904066690754058,0.8579169175195666,0.7420908735841687,0.6060606060606061,99,6644,944,1981,0.935
logistic,0.7916761050914226,0.8600754716981132,0.7418304908215076,0.6161616161616161,99,6625,927,1983,0.936
logistic,0.7922879285944607,0.8616199848599546,0.7409191511521938,0.6262626262626263,99,6605,914,1990,0.937
logistic,0.792167526382789,0.8621683093252464,0.7402681942455409,0.6262626262626263,99,6595,909,1995,0.938
logistic,0.7934408081546255,0.8636363636363636,0.7396172373388882,0.6464646464646465,99,6578,897,2000,0.939
logistic,0.7927268851351402,0.8652525560811842,0.7381851321442521,0.6464646464646465,99,6553,883,2011,0.94
logistic,0.7939713419046694,0.8680661967514557,0.7375341752375992,0.6464646464646465,99,6526,861,2016,0.941
logistic,0.7943175825038273,0.8696722572703492,0.7358416872803021,0.6565656565656566,99,6499,847,2029,0.942
logistic,0.7951748149128243,0.8713513513513513,0.7345397734669965,0.6666666666666666,99,6475,833,2039,0.943
logistic,0.7955884166775569,0.8735846129982938,0.7332378596536909,0.6666666666666666,99,6447,815,2049,0.944
logistic,0.7954591055228045,0.8747861253694198,0.7321963286030465,0.6666666666666666,99,6429,805,2057,0.945
logistic,0.7962080297269405,0.8766588602654176,0.7310246061710715,0.6767676767676768,99,6405,790,2066,0.946
logistic,0.7979908275280382,0.881267738883633,0.727639630256477,0.6868686868686869,99,6342,753,2092,0.947
logistic,0.7986610565075757,0.8835551330798479,0.7260773336805103,0.6868686868686869,99,6312,735,2104,0.948
logistic,0.7992501346049378,0.8856552162849872,0.7250358026298659,0.6868686868686869,99,6288,719,2112,0.949
logistic,0.8004626468750436,0.8880549345257106,0.7239942715792215,0.696969696969697,99,6262,701,2120,0.95
logistic,0.8004184950174232,0.8903143040410519,0.7228225491472464,0.696969696969697,99,6236,684,2129,0.951
logistic,0.8008077356159984,0.8924142373973265,0.7213904439526103,0.696969696969697,99,6209,668,2140,0.952
logistic,0.8002005513033847,0.8937752627324171,0.7196979559953132,0.696969696969697,99,6185,657,2153,0.953
logistic,0.8006337338326136,0.8955901426718548,0.7191771904699908,0.696969696969697,99,6168,644,2157,0.954
logistic,0.7994035117126389,0.897006182883176,0.7177450852753547,0.696969696969697,99,6146,633,2168,0.955
logistic,0.7996293450492084,0.8988066045447115,0.7157922145553964,0.696969696969697,99,6117,619,2183,0.956
logistic,0.7999868211691719,0.9010177281680892,0.7146204921234214,0.696969696969697,99,6092,603,2192,0.957
logistic,0.7992130972032421,0.9022258862324816,0.712407238640802,0.7070707070707071,99,6065,593,2209,0.958
logistic,0.7988495723112682,0.9041866622538476,0.7113657075901575,0.7070707070707071,99,6043,579,2217,0.959
logistic,0.7985655231626064,0.9057043073341094,0.7090222627262075,0.7070707070707071,99,6013,567,2235,0.96
logistic,0.7994028775956804,0.9077694235588972,0.7073297747689103,0.7171717171717171,99,5985,552,2248,0.961
logistic,0.7994531133616043,0.9098539533322142,0.7056372868116131,0.7171717171717171,99,5957,537,2261,0.962
logistic,0.800423486499172,0.9118341200269724,0.704205181616977,0.7373737373737373,99,5932,523,2272,0.963
logistic,0.8021170928038187,0.9150991357397052,0.7030334591850019,0.7474747474747475,99,5901,501,2281,0.964
logistic,0.8016955988114585,0.9166808655648322,0.7004296315583909,0.7474747474747475,99,5869,489,2301,0.965
logistic,0.8021684221990568,0.9193409987986956,0.697435229787788,0.7676767676767676,99,5827,470,2324,0.966
logistic,0.8011456277451026,0.9208074534161492,0.6948314021611769,0.7676767676767676,99,5796,459,2344,0.967
logistic,0.8010496517709087,0.9229036729036728,0.6935294883478714,0.7676767676767676,99,5772,445,2354,0.968
logistic,0.8010378769406326,0.9242002781641168,0.6920973831532352,0.7777777777777778,99,5752,436,2365,0.969
logistic,0.7999522181155979,0.9261721483554932,0.689233172763963,0.7777777777777778,99,5716,422,2387,0.97
logistic,0.7996804503767636,0.9274037616452804,0.686889727900013,0.7878787878787878,99,5689,413,2405,0.971
logistic,0.7986640392847602,0.9297842235585426,0.6844160916547325,0.7878787878787878,99,5654,397,2424,0.972
logistic,0.797523149999364,0.931599572497328,0.6809009243588074,0.7878787878787878,99,5614,384,2451,0.973
logistic,0.7970562965754536,0.932891911238368,0.678687670876188,0.797979797979798,99,5588,375,2468,0.974
logistic,0.7975201947693322,0.9360245089205262,0.6762140346309075,0.8080808080808081,99,5549,355,2487,0.975
lgbm_small,0.7858439145152522,0.7971153846153847,0.8634292409842469,0.3939393939393939,99,8320,1688,1049,0.1
lgbm_small,0.8284883144403828,0.8584818481848184,0.8466345527926051,0.5757575757575758,99,7575,1072,1178,0.2
lgbm_small,0.8535116292796486,0.901032093878128,0.8297096732196328,0.7070707070707071,99,7073,700,1308,0.3
lgbm_small,0.864653914766366,0.9191594921932,0.8200755110011717,0.7676767676767676,99,6853,554,1382,0.35
lgbm_small,0.8686866483762548,0.9302221559564634,0.8122640281213384,0.7878787878787878,99,6707,468,1442,0.4
lgbm_small,0.874161025281081,0.9425917466118472,0.8058846504361411,0.8080808080808081,99,6567,377,1491,0.45
lgbm_small,0.8795130021817767,0.9609362644314408,0.7910428329644578,0.8787878787878788,99,6323,247,1605,0.5
lgbm_small,0.8817062670697606,0.967349551856594,0.78687670876188,0.898989898989899,99,6248,204,1637,0.55
lgbm_small,0.8820856429557375,0.9730650657147492,0.7807577138393438,0.9090909090909092,99,6163,166,1684,0.6
lgbm_small,0.8835455168755058,0.9775004105764492,0.7748991016794688,0.9393939393939394,99,6089,137,1729,0.65
lgbm_small,0.8810302690536393,0.981629926519706,0.7652649394610077,0.9494949494949496,99,5988,110,1803,0.7
lgbm_small,0.8777530637987178,0.9847586790855208,0.7570628824371827,0.9494949494949496,99,5905,90,1866,0.75
lgbm_small,0.8712831966959205,0.988074662979606,0.7443041270667882,0.9494949494949496,99,5786,69,1964,0.8
lgbm_small,0.8690195421162933,0.9893617021276596,0.7385757062882438,0.9595959595959596,99,5734,61,2008,0.82
lgbm_small,0.8674029661780917,0.9910242872228088,0.7331076682723604,0.9696969696969696,99,5682,51,2050,0.84
lgbm_small,0.8627826347492699,0.9919857524487978,0.7251659940111964,0.9696969696969696,99,5615,45,2111,0.86
lgbm_small,0.8574380329499675,0.9931383170819792,0.7160525973180576,0.9696969696969696,99,5538,38,2181,0.88
lgbm_small,0.8505512368078144,0.9948661532819948,0.7064184350995965,0.9797979797979798,99,5454,28,2255,0.9
lgbm_small,0.8461873359584956,0.9951807228915662,0.6989975263637547,0.9797979797979798,99,5395,26,2312,0.91
lgbm_small,0.8417062246282189,0.9962490622655664,0.691576617627913,0.98989898989899,99,5332,20,2369,0.92
lgbm_small,0.8363823489479194,0.9969604863221884,0.6832443692227574,0.98989898989899,99,5264,16,2433,0.93
lgbm_small,0.8299391543404455,0.9978801310464444,0.6741309725296185,0.98989898989899,99,5189,11,2503,0.94
lgbm_small,0.8217274749169968,0.99784777929955,0.6639760447858352,0.98989898989899,99,5111,11,2581,0.95
lgbm_small,0.8089783041499546,0.9979911611088792,0.6467907824502018,0.98989898989899,99,4978,10,2713,0.96
lgbm_small,0.7976988690056434,0.9987582781456954,0.6283036063012628,1.0,99,4832,6,2855,0.97
lgbm_small,0.7771889398168941,0.998701579744644,0.6008332248405156,1.0,99,4621,6,3066,0.98
lgbm_small,0.7330174111707486,0.9995173745173744,0.5392527014711626,1.0,99,4144,2,3539,0.99
lgbm_small,0.6753667281897356,0.9994385176866928,0.463481317536779,1.0,99,3562,2,4121,0.995
lgbm_small,0.3667367558993717,1.0,0.1844811873453977,1.0,99,1417,0,6264,0.999
lgbm_small,0.8824834896723889,0.9747186429619964,0.7780236948314022,0.9191919191919192,99,6131,155,1705,0.625
lgbm_small,0.8823934687875437,0.9747145187601958,0.7778935034500716,0.9191919191919192,99,6130,155,1706,0.626
lgbm_small,0.8820853973149619,0.974869451697128,0.777763312068741,0.9191919191919192,99,6128,154,1707,0.627
lgbm_small,0.8820433875687008,0.9748653500897666,0.7776331206874105,0.9191919191919192,99,6127,154,1708,0.628
lgbm_small,0.8820883987257452,0.9750204081632652,0.7775029293060799,0.9191919191919192,99,6125,153,1709,0.629
lgbm_small,0.8820883987257452,0.9750204081632652,0.7775029293060799,0.9191919191919192,99,6125,153,1709,0.63
lgbm_small,0.8822361903404548,0.9756496159503186,0.7772425465434188,0.9191919191919192,99,6119,149,1711,0.631
lgbm_small,0.8823138554175762,0.9758090879372344,0.7772425465434188,0.9191919191919192,99,6118,148,1711,0.632
lgbm_small,0.8828463789630387,0.9761281883584042,0.7772425465434188,0.9292929292929292,99,6116,146,1711,0.633
lgbm_small,0.8832796044713567,0.9762839385017992,0.7771123551620883,0.9393939393939394,99,6114,145,1712,0.634
lgbm_small,0.8832507227708021,0.9762800588908884,0.7769821637807577,0.9393939393939394,99,6113,145,1713,0.635
lgbm_small,0.8835464163717176,0.976759410801964,0.7769821637807577,0.9393939393939394,99,6110,142,1713,0.636
lgbm_small,0.8835464163717176,0.976759410801964,0.7769821637807577,0.9393939393939394,99,6110,142,1713,0.637
lgbm_small,0.8833672850299646,0.9767479941051253,0.776591589636766,0.9393939393939394,99,6107,142,1716,0.638
lgbm_small,0.8833672850299646,0.9767479941051253,0.776591589636766,0.9393939393939394,99,6107,142,1716,0.639
lgbm_small,0.8833495116757771,0.9767441860465116,0.7764613982554355,0.9393939393939394,99,6106,142,1717,0.64
lgbm_small,0.8833206299752226,0.9767403767403768,0.776331206874105,0.9393939393939394,99,6105,142,1718,0.641
lgbm_small,0.8832147304065228,0.9767289413307112,0.7759406327301133,0.9393939393939394,99,6102,142,1721,0.642
lgbm_small,0.8835173971164275,0.9770491803278688,0.7759406327301133,0.9393939393939394,99,6100,140,1721,0.643
lgbm_small,0.8834600145729082,0.977041653000984,0.7756802499674521,0.9393939393939394,99,6098,140,1723,0.644
lgbm_small,0.8836497056400593,0.9773622047244096,0.7756802499674521,0.9393939393939394,99,6096,138,1723,0.645
lgbm_small,0.8836076958937982,0.9773584905660376,0.7755500585861216,0.9393939393939394,99,6095,138,1724,0.646
lgbm_small,0.8836206400733184,0.9775114904793172,0.7752896758234605,0.9393939393939394,99,6092,137,1726,0.647
lgbm_small,0.8835964036812447,0.9775077983910688,0.7751594844421299,0.9393939393939394,99,6091,137,1727,0.648
lgbm_small,0.8835743985760602,0.977504105090312,0.7750292930607994,0.9393939393939394,99,6090,137,1728,0.649
lgbm_small,0.8835455168755058,0.9775004105764492,0.7748991016794688,0.9393939393939394,99,6089,137,1729,0.65
lgbm_small,0.8834247709137246,0.9774930179070148,0.7746387189168077,0.9393939393939394,99,6087,137,1731,0.651
lgbm_small,0.8832060951809545,0.9774782179845471,0.7741179533914855,0.9393939393939394,99,6083,137,1735,0.652
lgbm_small,0.8830740645498482,0.977467105263158,0.7737273792474938,0.9393939393939394,99,6080,137,1738,0.653
lgbm_small,0.8830740645498482,0.977467105263158,0.7737273792474938,0.9393939393939394,99,6080,137,1738,0.654
lgbm_small,0.8830562911956608,0.9774633985852936,0.7735971878661633,0.9393939393939394,99,6079,137,1739,0.655
lgbm_small,0.8831374350210284,0.97761685319289,0.7733368051035021,0.9393939393939394,99,6076,136,1741,0.656
lgbm_small,0.8831966795349864,0.9777777777777776,0.7733368051035021,0.9393939393939394,99,6075,135,1741,0.657
lgbm_small,0.8831677978344318,0.9777741191965756,0.7732066137221716,0.9393939393939394,99,6074,135,1742,0.658
lgbm_small,0.8832454629115533,0.9779351226741314,0.7732066137221716,0.9393939393939394,99,6073,134,1742,0.659
lgbm_small,0.8832454629115533,0.9779351226741314,0.7732066137221716,0.9393939393939394,99,6073,134,1742,0.66
lgbm_small,0.8833137005168712,0.9780889621087314,0.7729462309595104,0.9393939393939394,99,6070,133,1744,0.661
lgbm_small,0.8829363854156651,0.9782393669634024,0.7725556568155189,0.9393939393939394,99,6066,132,1747,0.662
lgbm_small,0.8829583905208496,0.9783970976253298,0.7724254654341882,0.9393939393939394,99,6064,131,1748,0.663
lgbm_small,0.8828634810584154,0.9783864048836826,0.7720348912901965,0.9393939393939394,99,6061,131,1751,0.664
lgbm_small,0.8828392446663417,0.9783828382838284,0.771904699908866,0.9393939393939394,99,6060,131,1752,0.665
lgbm_small,0.8827794615658932,0.9783757015516672,0.771644317146205,0.9393939393939394,99,6058,131,1754,0.666
lgbm_small,0.8827271869947537,0.9783721314181938,0.7715141257648743,0.9393939393939394,99,6057,131,1755,0.667
lgbm_small,0.8826108410060685,0.9786847323198944,0.7711235516208828,0.9393939393939394,99,6052,129,1758,0.668
lgbm_small,0.8825208201212232,0.978681209717402,0.7709933602395521,0.9393939393939394,99,6051,129,1759,0.669
lgbm_small,0.882253364667614,0.9796222664015904,0.7698216378075772,0.9393939393939394,99,6036,123,1768,0.67
lgbm_small,0.882253364667614,0.9796222664015904,0.7698216378075772,0.9393939393939394,99,6036,123,1768,0.671
lgbm_small,0.8821787473563978,0.9796155120981108,0.769561255044916,0.9393939393939394,99,6034,123,1770,0.672
lgbm_small,0.8818005346110408,0.97960875331565,0.769300872282255,0.9393939393939394,99,6032,123,1772,0.673
lgbm_small,0.8818005346110408,0.97960875331565,0.769300872282255,0.9393939393939394,99,6032,123,1772,0.674
lgbm_small,0.8817716529104863,0.979605372243409,0.7691706809009243,0.9393939393939394,99,6031,123,1773,0.675
lgbm_regularized,0.7739858870152377,0.7847156398104266,0.8622575185522718,0.3232323232323232,99,8440,1817,1058,0.1
lgbm_regularized,0.819826018941558,0.8485403848671292,0.8439005337846635,0.5454545454545454,99,7639,1157,1199,0.2
lgbm_regularized,0.8443322156919691,0.8906797477224947,0.8273662283556829,0.6666666666666666,99,7135,780,1326,0.3
lgbm_regularized,0.8543446663992746,0.9073487031700288,0.8198151282385107,0.7171717171717171,99,6940,643,1384,0.35
lgbm_regularized,0.8646650646024724,0.9263785394932936,0.8092696263507356,0.7777777777777778,99,6710,494,1465,0.4
lgbm_regularized,0.8695225114142637,0.935386015470954,0.8028902486655384,0.8080808080808081,99,6593,426,1514,0.45
lgbm_regularized,0.8757902293964797,0.9588888888888888,0.7864861346178883,0.8484848484848485,99,6300,259,1640,0.5
lgbm_regularized,0.8803893639002973,0.9679239200515796,0.7817992448899883,0.898989898989899,99,6204,199,1676,0.55
lgbm_regularized,0.8804478329958728,0.9733703643195556,0.7756802499674521,0.9191919191919192,99,6121,163,1723,0.6
lgbm_regularized,0.8789011065740346,0.9768173538665342,0.7679989584689494,0.9292929292929292,99,6039,140,1782,0.65
lgbm_regularized,0.8744129845528649,0.98111935266352,0.7577138393438354,0.9292929292929292,99,5932,112,1861,0.7
lgbm_regularized,0.8723647804258658,0.9862519333218768,0.7471683374560604,0.9494949494949496,99,5819,80,1942,0.75
lgbm_regularized,0.865385336693716,0.9894477664438972,0.7324567113657076,0.9595959595959596,99,5686,60,2055,0.8
lgbm_regularized,0.8628610004801189,0.9902326407387676,0.7259471422991798,0.9696969696969696,99,5631,55,2105,0.82
lgbm_regularized,0.8571828966795586,0.9913746630727764,0.718265850800677,0.9696969696969696,99,5565,48,2164,0.84
lgbm_regularized,0.8515663043678285,0.9925345957756736,0.7096732196328603,0.9696969696969696,99,5492,41,2230,0.86
lgbm_regularized,0.8448503384565798,0.993338267949667,0.6988673349824241,0.9696969696969696,99,5404,36,2313,0.88
lgbm_regularized,0.8391731279216188,0.9943651389932382,0.689233172763963,0.9797979797979798,99,5324,30,2387,0.9
lgbm_regularized,0.8325879197424075,0.9946778179053412,0.6812914985027991,0.9797979797979798,99,5261,28,2448,0.91
lgbm_regularized,0.8275334775678818,0.9951913829582612,0.6736102070042963,0.9797979797979798,99,5199,25,2507,0.92
lgbm_regularized,0.8204962516558918,0.9958968347010552,0.6635854706418435,0.98989898989899,99,5118,21,2584,0.93
lgbm_regularized,0.8125771922156718,0.9962264150943396,0.6530399687540684,0.98989898989899,99,5035,19,2665,0.94
lgbm_regularized,0.8040467320134418,0.9967598217901984,0.6408019789089963,0.98989898989899,99,4938,16,2759,0.95
lgbm_regularized,0.7931382824497243,0.9973051409618574,0.6263507355813045,0.98989898989899,99,4824,13,2870,0.96
lgbm_regularized,0.7812907530454907,0.9987168520102652,0.6079937508136961,1.0,99,4676,6,3011,0.97
lgbm_regularized,0.760139004570182,0.9986468200270636,0.5764874365317016,1.0,99,4434,6,3253,0.98
lgbm_regularized,0.7216880967694357,0.9992507492507492,0.5208957167035543,1.0,99,4004,3,3680,0.99
lgbm_regularized,0.6354450296687681,0.9996903065964696,0.4202577789350345,1.0,99,3229,1,4453,0.995
lgbm_regularized,0.3451556874741406,1.0,0.1702903267803671,1.0,99,1308,0,6373,0.999
lgbm_regularized,0.8811599052086827,0.9710992044163014,0.778674651738055,0.9191919191919192,99,6159,178,1700,0.575
lgbm_regularized,0.8809292266912665,0.9710898164690596,0.7784142689753938,0.9191919191919192,99,6157,178,1702,0.576
lgbm_regularized,0.8808942185693822,0.9710851202079273,0.7782840775940633,0.9191919191919192,99,6156,178,1703,0.577
lgbm_regularized,0.8808149694143474,0.9710757231069224,0.7780236948314022,0.9191919191919192,99,6154,178,1705,0.578
lgbm_regularized,0.8807729596680863,0.9710710222655616,0.7778935034500716,0.9191919191919192,99,6153,178,1706,0.579
lgbm_regularized,0.8808491431980017,0.9715354586857514,0.7776331206874105,0.9191919191919192,99,6148,175,1708,0.58
lgbm_regularized,0.880623578423535,0.9715215622457284,0.7772425465434188,0.9191919191919192,99,6145,175,1711,0.581
lgbm_regularized,0.8801614712146626,0.9715169270833334,0.7771123551620883,0.9191919191919192,99,6144,175,1712,0.582
lgbm_regularized,0.8802252101400243,0.9716750773237832,0.7771123551620883,0.9191919191919192,99,6143,174,1712,0.583
lgbm_regularized,0.8799085248269264,0.9718241042345276,0.7768519723994272,0.9191919191919192,99,6140,173,1714,0.584
lgbm_regularized,0.879860475032031,0.9718149234278266,0.776591589636766,0.9191919191919192,99,6138,173,1716,0.585
lgbm_regularized,0.879860475032031,0.9718149234278266,0.776591589636766,0.9191919191919192,99,6138,173,1716,0.586
lgbm_regularized,0.8800399137206304,0.9721271393643032,0.7764613982554355,0.9191919191919192,99,6135,171,1717,0.587
lgbm_regularized,0.8801103300572205,0.9722856211281382,0.7764613982554355,0.9191919191919192,99,6134,170,1717,0.588
lgbm_regularized,0.8801103300572205,0.9722856211281382,0.7764613982554355,0.9191919191919192,99,6134,170,1717,0.589
lgbm_regularized,0.880242360688327,0.972444154573618,0.7764613982554355,0.9191919191919192,99,6133,169,1717,0.59
lgbm_regularized,0.8802003509420657,0.9724396607958252,0.776331206874105,0.9191919191919192,99,6132,169,1718,0.591
lgbm_regularized,0.8801029783516247,0.972430668841762,0.7760708241114438,0.9191919191919192,99,6130,169,1720,0.592
lgbm_regularized,0.8801410018789655,0.9725848563968668,0.7759406327301133,0.9191919191919192,99,6128,168,1721,0.593
lgbm_regularized,0.8801260951948083,0.9725803819161092,0.7758104413487827,0.9191919191919192,99,6127,168,1722,0.594
lgbm_regularized,0.8801260951948083,0.9725803819161092,0.7758104413487827,0.9191919191919192,99,6127,168,1722,0.595
lgbm_regularized,0.8801260951948083,0.9725803819161092,0.7758104413487827,0.9191919191919192,99,6127,168,1722,0.596
lgbm_regularized,0.8802581258259147,0.9728979591836736,0.7758104413487827,0.9191919191919192,99,6125,166,1722,0.597
lgbm_regularized,0.8802581258259147,0.9728979591836736,0.7758104413487827,0.9191919191919192,99,6125,166,1722,0.598
lgbm_regularized,0.8803278051494124,0.9732113688337144,0.7756802499674521,0.9191919191919192,99,6122,164,1723,0.599
lgbm_regularized,0.8804478329958728,0.9733703643195556,0.7756802499674521,0.9191919191919192,99,6121,163,1723,0.6
lgbm_regularized,0.8804478329958728,0.9733703643195556,0.7756802499674521,0.9191919191919192,99,6121,163,1723,0.601
lgbm_regularized,0.8804809633937957,0.973516429622364,0.7752896758234605,0.9191919191919192,99,6117,162,1726,0.602
lgbm_regularized,0.8804678353480889,0.9736669937847564,0.7750292930607994,0.9191919191919192,99,6114,161,1728,0.603
lgbm_regularized,0.8804196991804981,0.9736626860788484,0.7748991016794688,0.9191919191919192,99,6113,161,1729,0.604
lgbm_regularized,0.8805159715156798,0.9738219895287958,0.7748991016794688,0.9191919191919192,99,6112,160,1729,0.605
lgbm_regularized,0.8806147123722766,0.9741365198886888,0.7747689102981382,0.9191919191919192,99,6109,158,1730,0.606
lgbm_regularized,0.880632697314014,0.9742875859810024,0.7745085275354772,0.9191919191919192,99,6106,157,1732,0.607
lgbm_regularized,0.8804725351563933,0.9742749467475011,0.7741179533914855,0.9191919191919192,99,6103,157,1735,0.608
lgbm_regularized,0.8799684182012597,0.9742665136862808,0.7738575706288243,0.9191919191919192,99,6101,157,1737,0.609
lgbm_regularized,0.8799684182012597,0.9742665136862808,0.7738575706288243,0.9191919191919192,99,6101,157,1737,0.61
lgbm_regularized,0.8798460368676138,0.9742580750942778,0.7735971878661633,0.9191919191919192,99,6099,157,1739,0.611
lgbm_regularized,0.8798241500694465,0.9744136460554372,0.7734669964848327,0.9191919191919192,99,6097,156,1740,0.612
lgbm_regularized,0.8798241500694465,0.9744136460554372,0.7734669964848327,0.9191919191919192,99,6097,156,1740,0.613
lgbm_regularized,0.8799011679375919,0.9745734908136484,0.7734669964848327,0.9191919191919192,99,6096,155,1740,0.614
lgbm_regularized,0.879762885856149,0.9745651460452904,0.7732066137221716,0.9191919191919192,99,6094,155,1742,0.615
lgbm_regularized,0.879762885856149,0.9745651460452904,0.7732066137221716,0.9191919191919192,99,6094,155,1742,0.616
lgbm_regularized,0.8797147496885581,0.9745609716067618,0.7730764223408411,0.9191919191919192,99,6093,155,1743,0.617
lgbm_regularized,0.8797147496885581,0.9745609716067618,0.7730764223408411,0.9191919191919192,99,6093,155,1743,0.618
lgbm_regularized,0.8797112709403121,0.9747126436781608,0.7728160395781799,0.9191919191919192,99,6090,154,1745,0.619
lgbm_regularized,0.8797112709403121,0.9747126436781608,0.7728160395781799,0.9191919191919192,99,6090,154,1745,0.62
lgbm_regularized,0.8795448793962974,0.9747001807129948,0.7724254654341882,0.9191919191919192,99,6087,154,1748,0.621
lgbm_regularized,0.8791405355885341,0.9746877054569362,0.7720348912901965,0.9191919191919192,99,6084,154,1751,0.622
lgbm_regularized,0.8790417947319373,0.9746835443037974,0.771904699908866,0.9191919191919192,99,6083,154,1752,0.623
lgbm_regularized,0.8790417947319373,0.9746835443037974,0.771904699908866,0.9191919191919192,99,6083,154,1752,0.624
lgbm_regularized,0.8789874291779524,0.974675217891794,0.771644317146205,0.9191919191919192,99,6081,154,1754,0.625
weighted_similarity,0.0545469520803652,0.0431180955344639,0.9019658898580912,0.0,99,160675,153747,753,0.1
weighted_similarity,0.0545783810438361,0.0431405524930704,0.9017055070954304,0.0,99,160545,153619,755,0.2
weighted_similarity,0.0558054901449005,0.0439799181946762,0.8987111053248275,0.0,99,156958,150055,778,0.3
weighted_similarity,0.0585581806804695,0.0456894370230278,0.8932430673089441,0.0,99,150166,143305,820,0.35
weighted_similarity,0.0660575124978357,0.0498740999249017,0.8819164171331858,0.0,99,135822,129048,907,0.4
weighted_similarity,0.0863588353395447,0.0593060050019272,0.861346178882958,0.0,99,111557,104941,1065,0.45
weighted_similarity,0.1375503548928634,0.0780724238043755,0.8367400078114828,0.0,99,82321,75894,1254,0.5
weighted_similarity,0.2265640300403409,0.1132718777623437,0.8174716833745606,0.0,99,55433,49154,1402,0.55
weighted_similarity,0.3447396489982973,0.1802703907294607,0.7898711105324827,0.0,99,33655,27588,1614,0.6
weighted_similarity,0.4633808179852363,0.3036749482401656,0.7638328342663716,0.0202020202020202,99,19320,13453,1814,0.65
weighted_similarity,0.5671265788700155,0.489256780556534,0.7233433146725686,0.101010101010101,99,11356,5800,2125,0.7
weighted_similarity,0.6454405532186961,0.7233150130170668,0.6510870980341101,0.2121212121212121,99,6914,1913,2680,0.75
weighted_similarity,0.6450811923032395,0.818572825024438,0.5451113136310376,0.4141414141414141,99,5115,928,3494,0.8
weighted_similarity,0.6260078687368624,0.8399912203687445,0.4982424163520375,0.4747474747474747,99,4556,729,3854,0.82
weighted_similarity,0.5904251866708896,0.8603706524498603,0.441218591329254,0.5252525252525253,99,3939,550,4292,0.84
weighted_similarity,0.5538214911276381,0.8842136675619218,0.3857570628824371,0.6262626262626263,99,3351,388,4718,0.86
weighted_similarity,0.5029217001143852,0.9091242213264932,0.3230048170811092,0.7373737373737373,99,2729,248,5200,0.88
weighted_similarity,0.4435026649547982,0.9346011131725418,0.2623356333810702,0.8181818181818182,99,2156,141,5666,0.9
weighted_similarity,0.4090731623627716,0.9529983792544572,0.2296575966671006,0.8787878787878788,99,1851,87,5917,0.91
weighted_similarity,0.3742774862876621,0.967192429022082,0.1995833875797422,0.9494949494949496,99,1585,52,6148,0.92
weighted_similarity,0.3415431501038261,0.9805534779356768,0.1706809009243588,0.9797979797979798,99,1337,26,6370,0.93
weighted_similarity,0.2929239693702183,0.9878391019644528,0.137482098685067,0.9797979797979798,99,1069,13,6625,0.94
weighted_similarity,0.2482773582207644,0.994110718492344,0.1098815258429892,0.98989898989899,99,849,5,6837,0.95
weighted_similarity,0.2019800070614874,0.9952,0.0809790391876057,1.0,99,625,3,7059,0.96
weighted_similarity,0.1483218377779783,0.9974554707379136,0.0510350214815779,1.0,99,393,1,7289,0.97
weighted_similarity,0.1095440952255674,0.9958333333333332,0.0311157401380028,1.0,99,240,1,7442,0.98
weighted_similarity,0.0851517744424398,1.0,0.0187475589116,1.0,99,144,0,7537,0.99
weighted_similarity,0.0760183221481742,1.0,0.0145814347090222,1.0,99,112,0,7569,0.995
weighted_similarity,0.0746934314401966,1.0,0.0139304778023694,1.0,99,107,0,7574,0.999
weighted_similarity,0.6128624797849719,0.6079480756092006,0.695091784923838,0.1717171717171717,99,8782,3443,2342,0.725
weighted_similarity,0.6131008543816171,0.6113662456946038,0.6932691055852103,0.1717171717171717,99,8710,3385,2356,0.726
weighted_similarity,0.6150285823488709,0.6172409792319294,0.6926181486785575,0.1717171717171717,99,8619,3299,2361,0.727
weighted_similarity,0.6148456864417248,0.6206654170571696,0.6897539382892852,0.1717171717171717,99,8536,3238,2383,0.728
weighted_similarity,0.6157071180095416,0.6243204916095486,0.6878010675693269,0.1717171717171717,99,8462,3179,2398,0.729
weighted_similarity,0.6170767712324785,0.6290418804438611,0.6863689623746908,0.1717171717171717,99,8381,3109,2409,0.73
weighted_similarity,0.6195271633887555,0.6343166767007826,0.6858481968493686,0.1818181818181818,99,8305,3037,2413,0.731
weighted_similarity,0.620730521512729,0.640380859375,0.6829839864600964,0.1818181818181818,99,8192,2946,2435,0.732
weighted_similarity,0.6227737069616563,0.6457664774129844,0.6811613071214686,0.1818181818181818,99,8102,2870,2449,0.733
weighted_similarity,0.6246847084199362,0.6508787236694503,0.679859393308163,0.1818181818181818,99,8023,2801,2459,0.734
weighted_similarity,0.6259892984346811,0.6534554120155525,0.6782970967321963,0.1818181818181818,99,7973,2763,2471,0.735
weighted_similarity,0.6269976202536746,0.6576850094876661,0.6768649915375602,0.1818181818181818,99,7905,2706,2482,0.736
weighted_similarity,0.6295490402858118,0.6633422835954481,0.6754328863429241,0.1919191919191919,99,7821,2633,2493,0.737
weighted_similarity,0.6312522982848346,0.6685625646328852,0.6733498242416353,0.1919191919191919,99,7736,2564,2509,0.738
weighted_similarity,0.6319148861461212,0.6728008352910467,0.6711365707590158,0.1919191919191919,99,7662,2507,2526,0.739
weighted_similarity,0.6327612645203914,0.6758212877792379,0.669574274183049,0.1919191919191919,99,7610,2467,2538,0.74
weighted_similarity,0.6335246529150402,0.6813347513959054,0.667230829319099,0.1919191919191919,99,7522,2397,2556,0.741
weighted_similarity,0.6356323856960157,0.6854881974248928,0.6654081499804713,0.2121212121212121,99,7456,2345,2570,0.742
weighted_similarity,0.637039127855138,0.6923181324647123,0.6641062361671657,0.2121212121212121,99,7368,2267,2580,0.743
weighted_similarity,0.6386590222604411,0.697626560570723,0.6620231740658769,0.2121212121212121,99,7289,2204,2596,0.744
weighted_similarity,0.6397883408915501,0.700828729281768,0.6605910688712407,0.2121212121212121,99,7240,2166,2607,0.745
weighted_similarity,0.6420965288907834,0.7081641226718947,0.6583778153886213,0.2121212121212121,99,7141,2084,2624,0.746
weighted_similarity,0.6426063279718628,0.7105226088181434,0.656685327431324,0.2121212121212121,99,7099,2055,2637,0.747
weighted_similarity,0.6458502224820425,0.7198911642560504,0.6544720739487045,0.2121212121212121,99,6983,1956,2654,0.748
weighted_similarity,0.6455054062709965,0.7208968094279965,0.6530399687540684,0.2121212121212121,99,6958,1942,2665,0.749
weighted_similarity,0.6454405532186961,0.7233150130170668,0.6510870980341101,0.2121212121212121,99,6914,1913,2680,0.75
weighted_similarity,0.6485425202453525,0.731321418107237,0.6499153756021352,0.2222222222222222,99,6826,1834,2689,0.751
weighted_similarity,0.6492220851162473,0.734257484146881,0.6482228876448379,0.2222222222222222,99,6781,1802,2702,0.752
weighted_similarity,0.6508477184272639,0.7385805683678024,0.6462700169248796,0.2222222222222222,99,6721,1757,2717,0.753
weighted_similarity,0.6515650275857857,0.7415730337078652,0.6444473375862518,0.2222222222222222,99,6675,1725,2731,0.754
weighted_similarity,0.6538231864323406,0.7464852607709751,0.6428850410102851,0.2323232323232323,99,6615,1677,2743,0.755
weighted_similarity,0.6543118884553749,0.7488591420748403,0.6409321702903268,0.2323232323232323,99,6574,1651,2758,0.756
weighted_similarity,0.6549195182655613,0.7528020881314295,0.6383283426637156,0.2424242424242424,99,6513,1610,2778,0.757
weighted_similarity,0.6548868896155667,0.7545538746526705,0.6363754719437573,0.2424242424242424,99,6478,1590,2793,0.758
weighted_similarity,0.655556757660399,0.7571805620245303,0.6349433667491212,0.2424242424242424,99,6441,1564,2804,0.759
weighted_similarity,0.6568273544497817,0.7609206200093941,0.6327301132665017,0.2626262626262626,99,6387,1527,2821,0.76
weighted_similarity,0.6564508761884763,0.7619871089451344,0.6310376253092045,0.2626262626262626,99,6361,1514,2834,0.761
weighted_similarity,0.6566048557474061,0.7636650868878357,0.6293451373519073,0.2626262626262626,99,6330,1496,2847,0.762
weighted_similarity,0.6560572741896569,0.7650238473767885,0.626480926962635,0.2626262626262626,99,6290,1478,2869,0.763
weighted_similarity,0.6561630600325895,0.768601667735728,0.6240072907173545,0.2727272727272727,99,6236,1443,2888,0.764
weighted_similarity,0.6570261045137399,0.7708838261431572,0.6211430803280823,0.2828282828282828,99,6189,1418,2910,0.765
weighted_similarity,0.6570479696851156,0.7728158493017213,0.6195807837521156,0.2828282828282828,99,6158,1399,2922,0.766
weighted_similarity,0.6575306454475729,0.7749836708033965,0.6178882957948184,0.2828282828282828,99,6124,1378,2935,0.767
weighted_similarity,0.6569796622330313,0.7764107611548556,0.6161958078375211,0.2828282828282828,99,6096,1363,2948,0.768
weighted_similarity,0.6564233349527371,0.7784203569068077,0.6133315974482489,0.2828282828282828,99,6052,1341,2970,0.769
weighted_similarity,0.6570148933970312,0.7805809128630705,0.6122900663976045,0.2828282828282828,99,6025,1322,2978,0.77
weighted_similarity,0.6563779877170556,0.7824197860962567,0.6095560473896628,0.2828282828282828,99,5984,1302,2999,0.771
weighted_similarity,0.6576441962004304,0.784765427946864,0.6076031766697044,0.2929292929292929,99,5947,1280,3014,0.772
weighted_similarity,0.6580276116281081,0.7870072745728303,0.6056503059497461,0.303030303030303,99,5911,1259,3029,0.773
weighted_similarity,0.6577972331856984,0.7883112470268434,0.6040880093737795,0.303030303030303,99,5886,1246,3041,0.774
weighted_similarity,0.6576075311818067,0.7898600204848071,0.6023955214164822,0.303030303030303,99,5858,1231,3054,0.775
logistic,0.4751437555770462,0.3528271075729741,0.9001432105194637,0.0202020202020202,99,19596,12682,767,0.1
logistic,0.5521548015208486,0.4400383141762452,0.8971488087488608,0.0404040404040404,99,15660,8769,790,0.2
logistic,0.5946480832921632,0.4972067039106145,0.8922015362582997,0.0505050505050505,99,13783,6930,828,0.3
logistic,0.6112395448735367,0.5204967997561719,0.8893373258690275,0.0505050505050505,99,13124,6293,850,0.35
logistic,0.6262047596808518,0.5431508486732011,0.8873844551490692,0.0606060606060606,99,12549,5733,865,0.4
logistic,0.6400530385629595,0.5632041086812458,0.8851712016664497,0.0707070707070707,99,12072,5273,882,0.45
logistic,0.6547188412520025,0.5838793103448275,0.8817862257518553,0.0909090909090909,99,11600,4827,908,0.5
logistic,0.6680727826782495,0.6017304433146017,0.8782710584559302,0.101010101010101,99,11211,4465,935,0.55
logistic,0.6793822009778566,0.6205719557195571,0.8757974222106496,0.101010101010101,99,10840,4113,954,0.6
logistic,0.6909603517492439,0.6379589890319504,0.8708501497200886,0.1212121212121212,99,10485,3796,992,0.65
logistic,0.7010891584865082,0.657730734988624,0.8656424944668663,0.1313131313131313,99,10109,3460,1032,0.7
logistic,0.7116169123492365,0.6789728782097556,0.8571800546803802,0.1717171717171717,99,9697,3113,1097,0.75
logistic,0.7241232167959625,0.7027493261455525,0.8485874235125634,0.1919191919191919,99,9275,2757,1163,0.8
logistic,0.729707742408165,0.7117808219178082,0.8455930217419607,0.2222222222222222,99,9125,2630,1186,0.82
logistic,0.7328859838219327,0.7210579401546565,0.8376513474807967,0.2525252525252525,99,8923,2489,1247,0.84
logistic,0.7412959884925568,0.7345203905801264,0.8324436922275745,0.303030303030303,99,8705,2311,1287,0.86
logistic,0.7476106055418262,0.7476094912052886,0.8245020179664106,0.3232323232323232,99,8471,2138,1348,0.88
logistic,0.754628893253467,0.7614768034976925,0.8162999609425856,0.3434343434343434,99,8234,1964,1411,0.9
logistic,0.758572608309201,0.7701533135509396,0.8109621143080328,0.3535353535353535,99,8088,1859,1452,0.91
logistic,0.7645661766449003,0.781384187926244,0.8054940762921494,0.3737373737373737,99,7918,1731,1494,0.92
logistic,0.7768182631025186,0.8037296653881761,0.7911730243457883,0.4747474747474747,99,7561,1484,1604,0.93
logistic,0.7793259729481218,0.8179448484017012,0.7762010154927744,0.4747474747474747,99,7289,1327,1719,0.94
logistic,0.7887384720067113,0.8409319718107292,0.7612290066397605,0.5353535353535354,99,6953,1106,1834,0.95
logistic,0.795899053458321,0.8615107913669064,0.7483400598880354,0.6161616161616161,99,6672,924,1933,0.96
logistic,0.7987998751345866,0.8866191607284244,0.7289415440697826,0.6767676767676768,99,6315,716,2082,0.97
logistic,0.7981815455908337,0.916169705230874,0.7000390574143992,0.7474747474747475,99,5869,492,2304,0.98
logistic,0.7878921984102035,0.9510569415349456,0.6501757583647962,0.8585858585858586,99,5251,257,2687,0.99
logistic,0.7577285940749988,0.9711641919517968,0.5875537039447989,0.9090909090909092,99,4647,134,3168,0.995
logistic,0.6314890196782209,0.9947384710615907,0.4184350995964067,0.9696969696969696,99,3231,17,4467,0.999
logistic,0.7804114427904371,0.8258560447239692,0.769300872282255,0.4747474747474747,99,7155,1246,1772,0.945
logistic,0.7817750062252141,0.8280701754385965,0.7681291498502799,0.4848484848484848,99,7125,1225,1781,0.946
logistic,0.7838349844691099,0.8307236563690225,0.7666970446556438,0.5050505050505051,99,7089,1200,1792,0.947
logistic,0.7846598844333406,0.8321777274656856,0.7656555136049994,0.5151515151515151,99,7067,1186,1800,0.948
logistic,0.7852054950832371,0.8340195939230441,0.7647441739356855,0.5252525252525253,99,7043,1169,1807,0.949
logistic,0.7887384720067113,0.8409319718107292,0.7612290066397605,0.5353535353535354,99,6953,1106,1834,0.95
logistic,0.7893726188711204,0.8423481898168181,0.7603176669704466,0.5454545454545454,99,6933,1093,1841,0.951
logistic,0.7897470126381143,0.844016784835769,0.7594063273011327,0.5454545454545454,99,6911,1078,1848,0.952
logistic,0.7899608477127829,0.8457516339869281,0.7581044134878271,0.5454545454545454,99,6885,1062,1858,0.953
logistic,0.79084478704101,0.8468481583927792,0.7573232651998437,0.5656565656565656,99,6869,1052,1864,0.954
logistic,0.7925830361749541,0.8501170960187353,0.7561515427678688,0.5858585858585859,99,6832,1024,1873,0.955
logistic,0.7927552210852297,0.8523262661955241,0.7536779065225883,0.5858585858585859,99,6792,1003,1892,0.956
logistic,0.793896753702411,0.8543359432707933,0.7528967582346049,0.5959595959595959,99,6769,986,1898,0.957
logistic,0.7941855522542378,0.8557663800770827,0.7515948444212993,0.5959595959595959,99,6746,973,1908,0.958
logistic,0.795590207402364,0.858611442193087,0.7502929306079937,0.6060606060606061,99,6712,949,1918,0.959
logistic,0.795899053458321,0.8615107913669064,0.7483400598880354,0.6161616161616161,99,6672,924,1933,0.96
logistic,0.7964928053301865,0.8630961335941026,0.7469079546933993,0.6262626262626263,99,6647,910,1944,0.961
logistic,0.7964276781470291,0.8650241837968561,0.7450852753547715,0.6262626262626263,99,6616,893,1958,0.962
logistic,0.7961033839446109,0.8668185269552012,0.7431324046348132,0.6363636363636364,99,6585,877,1973,0.963
logistic,0.7977723261440534,0.8705882352941177,0.7418304908215076,0.6363636363636364,99,6545,847,1983,0.964
logistic,0.7979619503489966,0.873347679065478,0.7397474287202187,0.6464646464646465,99,6506,824,1999,0.965
logistic,0.7986284688773705,0.8763715036315871,0.7383153235255826,0.6565656565656566,99,6471,800,2010,0.966
logistic,0.7987917044694147,0.8788067122436296,0.7363624528056243,0.6565656565656566,99,6436,780,2025,0.967
logistic,0.7981631871644299,0.8812206572769953,0.7331076682723604,0.6565656565656566,99,6390,759,2050,0.968
logistic,0.7984363013118074,0.8839552826326563,0.7308944147897409,0.6666666666666666,99,6351,737,2067,0.969
logistic,0.7987998751345866,0.8866191607284244,0.7289415440697826,0.6767676767676768,99,6315,716,2082,0.97
logistic,0.7992876529707263,0.888623707239459,0.7271188647311548,0.6767676767676768,99,6285,700,2096,0.971
logistic,0.8001241228808624,0.8926798013775429,0.7255565681551881,0.6767676767676768,99,6243,670,2108,0.972
logistic,0.8011463434925081,0.895950959832231,0.7230829319099076,0.6868686868686869,99,6199,645,2127,0.973
logistic,0.8013855634304854,0.8984425697598962,0.7209998698086186,0.696969696969697,99,6164,626,2143,0.974
logistic,0.800759733894074,0.9006535947712418,0.7176148938940242,0.7070707070707071,99,6120,608,2169,0.975
logistic,0.8006247027168168,0.9036878498518276,0.7146204921234214,0.7070707070707071,99,6074,585,2192,0.976
logistic,0.7990143949923759,0.9064628675859776,0.7103241765395131,0.7070707070707071,99,6019,563,2225,0.977
logistic,0.7990616071227403,0.9105377785223656,0.7075901575315714,0.7070707070707071,99,5969,534,2246,0.978
logistic,0.7991902248135703,0.9144258413664806,0.7039447988543158,0.7272727272727273,99,5913,506,2274,0.979
logistic,0.7981815455908337,0.916169705230874,0.7000390574143992,0.7474747474747475,99,5869,492,2304,0.98
logistic,0.797854476697072,0.9201376936316696,0.696003124593152,0.7474747474747475,99,5810,464,2335,0.981
logistic,0.7995344103943034,0.9249348392701998,0.6930087228225491,0.7676767676767676,99,5755,432,2358,0.982
logistic,0.7977909204421182,0.9272567922874672,0.6887124072386408,0.7676767676767676,99,5705,415,2391,0.983
logistic,0.7972824926908104,0.9291394239264888,0.684546283036063,0.7777777777777778,99,5659,401,2423,0.984
logistic,0.7965596060706774,0.9330596215637272,0.6805103502148158,0.7878787878787878,99,5602,375,2454,0.985
logistic,0.7945577380078859,0.9355711965349216,0.6749121208176019,0.797979797979798,99,5541,357,2497,0.986
logistic,0.7941514063425693,0.9392224858550832,0.6699648483270407,0.8181818181818182,99,5479,333,2535,0.987
logistic,0.7923300201217387,0.943458980044346,0.6647571930738185,0.8383838383838383,99,5412,306,2575,0.988
logistic,0.7892179881473335,0.9471415182755388,0.6578570498632991,0.8484848484848485,99,5335,282,2628,0.989
logistic,0.7878921984102035,0.9510569415349456,0.6501757583647962,0.8585858585858586,99,5251,257,2687,0.99
logistic,0.7864921097765312,0.955503965950861,0.6430152323916156,0.8787878787878788,99,5169,230,2742,0.991
logistic,0.7828309609539186,0.9580460902107544,0.633250878791824,0.8888888888888888,99,5077,213,2817,0.992
logistic,0.777148187529993,0.9625302175664786,0.6220544199973962,0.8888888888888888,99,4964,186,2903,0.993
logistic,0.76795012963649,0.9674476466929296,0.6074729852883739,0.898989898989899,99,4823,157,3015,0.994
logistic,0.7577285940749988,0.9711641919517968,0.5875537039447989,0.9090909090909092,99,4647,134,3168,0.995
lgbm_small,0.7908588738631628,0.7872611464968153,0.8850410102851192,0.3939393939393939,99,8635,1837,883,0.1
lgbm_small,0.8359493329085287,0.8525616455857927,0.8687670876187996,0.5858585858585859,99,7827,1154,1008,0.2
lgbm_small,0.8644089161906485,0.9047751635806766,0.8461137872672829,0.696969696969697,99,7183,684,1182,0.3
lgbm_small,0.872588264659791,0.9196339196339196,0.8372607733368052,0.7474747474747475,99,6993,562,1250,0.35
lgbm_small,0.876479815056339,0.9308782697647232,0.8293190990756412,0.7575757575757576,99,6843,473,1311,0.4
lgbm_small,0.8838763034378861,0.9530057979859629,0.8131753677906522,0.8282828282828283,99,6554,308,1435,0.45
lgbm_small,0.8865433117516884,0.9616816630468508,0.8070563728681162,0.8383838383838383,99,6446,247,1482,0.5
lgbm_small,0.8886278550151372,0.9670588235294116,0.8026298659028772,0.8686868686868687,99,6375,210,1516,0.55
lgbm_small,0.8906262451809298,0.9717684377478192,0.7976825934123161,0.9191919191919192,99,6305,178,1554,0.6
lgbm_small,0.8898935943189362,0.9760719447567048,0.7913032157271188,0.9191919191919192,99,6227,149,1603,0.65
lgbm_small,0.8861854424811113,0.980350417553627,0.7794558000260383,0.9191919191919192,99,6107,120,1694,0.7
lgbm_small,0.8864890033684698,0.9855265346864084,0.7712537430022133,0.9595959595959596,99,6011,87,1757,0.75
lgbm_small,0.8794502262675374,0.98812351543943,0.7582346048691576,0.9696969696969696,99,5894,70,1857,0.8
lgbm_small,0.8758239937728857,0.9888831879596374,0.7527665668532744,0.9696969696969696,99,5847,65,1899,0.82
lgbm_small,0.8746537539968495,0.9908667930380838,0.7486004426506965,0.9696969696969696,99,5803,53,1931,0.84
lgbm_small,0.8707519371841357,0.9913058598504608,0.7422210649654993,0.9696969696969696,99,5751,50,1980,0.86
lgbm_small,0.864715176243979,0.9925873632192024,0.7321963286030465,0.9797979797979798,99,5666,42,2057,0.88
lgbm_small,0.8549883591938955,0.9937039035797806,0.7191771904699908,0.9797979797979798,99,5559,35,2157,0.9
lgbm_small,0.8521688856190126,0.9949146385760989,0.7131883869287853,0.98989898989899,99,5506,28,2203,0.91
lgbm_small,0.8456762578688047,0.9959484346224676,0.7040749902356463,0.98989898989899,99,5430,22,2273,0.92
lgbm_small,0.8420354178976873,0.9960915689558906,0.6967842728811353,0.98989898989899,99,5373,21,2329,0.93
lgbm_small,0.8357133918059755,0.9966024915062288,0.6874104934253352,0.98989898989899,99,5298,18,2401,0.94
lgbm_small,0.8279078271523459,0.9969283931656748,0.6760838432495769,0.98989898989899,99,5209,16,2488,0.95
lgbm_small,0.8180005896265861,0.9982321744254566,0.6616325999218852,0.98989898989899,99,5091,9,2599,0.96
lgbm_small,0.8060820561368636,0.998589562764457,0.6452284858742351,0.98989898989899,99,4963,7,2725,0.97
lgbm_small,0.7871503860847036,0.9989471467677404,0.6176279130321572,1.0,99,4749,5,2937,0.98
lgbm_small,0.7473616402188631,0.9995363931386184,0.5613852362973571,1.0,99,4314,2,3369,0.99
lgbm_small,0.6884194528224558,0.9994636631804772,0.4852232782189819,1.0,99,3729,2,3954,0.995
lgbm_small,0.3878537958064674,1.0,0.1982814737664366,1.0,99,1523,0,6158,0.999
lgbm_small,0.8890768470187969,0.9694102806685588,0.8004166124202577,0.8787878787878788,99,6342,194,1533,0.575
lgbm_small,0.8890768470187969,0.9694102806685588,0.8004166124202577,0.8787878787878788,99,6342,194,1533,0.576
lgbm_small,0.8890768470187969,0.9694102806685588,0.8004166124202577,0.8787878787878788,99,6342,194,1533,0.577
lgbm_small,0.8891011003572418,0.9695535573434296,0.8001562296575967,0.8787878787878788,99,6339,193,1535,0.578
lgbm_small,0.8893489210095279,0.9700078926598265,0.8000260382762661,0.8787878787878788,99,6335,190,1536,0.579
lgbm_small,0.8893901805817487,0.9701610356804546,0.8000260382762661,0.8787878787878788,99,6334,189,1536,0.58
lgbm_small,0.889584752038116,0.9704674668351232,0.8000260382762661,0.8787878787878788,99,6332,187,1536,0.581
lgbm_small,0.889584752038116,0.9704674668351232,0.8000260382762661,0.8787878787878788,99,6332,187,1536,0.582
lgbm_small,0.889584752038116,0.9704674668351232,0.8000260382762661,0.8787878787878788,99,6332,187,1536,0.583
lgbm_small,0.8894527214070095,0.9704581358609796,0.799765655513605,0.8787878787878788,99,6330,187,1538,0.584
lgbm_small,0.8896967780281457,0.970764854614412,0.799765655513605,0.8787878787878788,99,6328,185,1538,0.585
lgbm_small,0.8905989873407062,0.9710671936758892,0.7996354641322745,0.898989898989899,99,6325,183,1539,0.586
lgbm_small,0.8905769822355218,0.9710626185958254,0.7995052727509439,0.898989898989899,99,6324,183,1540,0.587
lgbm_small,0.8910390894443942,0.9712161948442196,0.7995052727509439,0.9090909090909092,99,6323,182,1540,0.588
lgbm_small,0.8909428171092124,0.9712116418854791,0.7993750813696133,0.9090909090909092,99,6322,182,1541,0.589
lgbm_small,0.8906127405314463,0.9712070874861573,0.7992448899882828,0.9090909090909092,99,6321,182,1542,0.59
lgbm_small,0.8905707307851853,0.9712025316455696,0.7991146986069522,0.9090909090909092,99,6320,182,1543,0.591
lgbm_small,0.8904937129170398,0.971197974363032,0.7989845072256216,0.9090909090909092,99,6319,182,1544,0.592
lgbm_small,0.8904648312164853,0.97119341563786,0.7988543158442911,0.9090909090909092,99,6318,182,1545,0.593
lgbm_small,0.890247062745482,0.9711797307996832,0.7984637417002994,0.9090909090909092,99,6315,182,1548,0.594
lgbm_small,0.8903247278226035,0.9713335445042762,0.7984637417002994,0.9090909090909092,99,6314,181,1548,0.595
lgbm_small,0.8903247278226035,0.9713335445042762,0.7984637417002994,0.9090909090909092,99,6314,181,1548,0.596
lgbm_small,0.890692457366627,0.9716278332540814,0.7980731675563077,0.9191919191919192,99,6309,179,1551,0.597
lgbm_small,0.8906401827954875,0.9716233354470514,0.7979429761749772,0.9191919191919192,99,6308,179,1552,0.598
lgbm_small,0.8906208593160246,0.9716188362137308,0.7978127847936467,0.9191919191919192,99,6307,179,1553,0.599
lgbm_small,0.8906262451809298,0.9717684377478192,0.7976825934123161,0.9191919191919192,99,6305,178,1554,0.6
lgbm_small,0.8907128902825934,0.9719225888324872,0.7976825934123161,0.9191919191919192,99,6304,177,1554,0.601
lgbm_small,0.8908572297729395,0.9722266306935408,0.7975524020309855,0.9191919191919192,99,6301,175,1555,0.602
lgbm_small,0.8908248693241387,0.9722222222222222,0.797422210649655,0.9191919191919192,99,6300,175,1556,0.603
lgbm_small,0.8908248693241387,0.9722222222222222,0.797422210649655,0.9191919191919192,99,6300,175,1556,0.604
lgbm_small,0.8908248693241387,0.9722222222222222,0.797422210649655,0.9191919191919192,99,6300,175,1556,0.605
lgbm_small,0.8909221550523225,0.97237656770916,0.797422210649655,0.9191919191919192,99,6299,174,1556,0.606
lgbm_small,0.8910538113110305,0.9726810673443456,0.7972920192683245,0.9191919191919192,99,6296,172,1557,0.607
lgbm_small,0.8910538113110305,0.9726810673443456,0.7972920192683245,0.9191919191919192,99,6296,172,1557,0.608
lgbm_small,0.8912983605146851,0.9731447640235182,0.7972920192683245,0.9191919191919192,99,6293,169,1557,0.609
lgbm_small,0.8908417421357824,0.9732909379968204,0.7970316365056633,0.9191919191919192,99,6290,168,1559,0.61
lgbm_small,0.8908156974460714,0.9732866910478614,0.7969014451243328,0.9191919191919192,99,6289,168,1560,0.611
lgbm_small,0.8906546600854036,0.9735921094495704,0.7967712537430022,0.9191919191919192,99,6286,166,1561,0.612
lgbm_small,0.8904998873360206,0.9735837046467218,0.7965108709803411,0.9191919191919192,99,6284,166,1563,0.613
lgbm_small,0.8903478424462214,0.9740363172985028,0.7961202968363494,0.9191919191919192,99,6278,163,1566,0.614
lgbm_small,0.8903154819974209,0.9740321809781742,0.7959901054550189,0.9191919191919192,99,6277,163,1567,0.615
lgbm_small,0.8903154819974209,0.9740321809781742,0.7959901054550189,0.9191919191919192,99,6277,163,1567,0.616
lgbm_small,0.890296158517958,0.9740280433397068,0.7958599140736883,0.9191919191919192,99,6276,163,1568,0.617
lgbm_small,0.8903088918642511,0.9741667995535004,0.7953391485483661,0.9191919191919192,99,6271,162,1572,0.618
lgbm_small,0.8902318739961057,0.9741626794258372,0.7952089571670355,0.9191919191919192,99,6270,162,1573,0.619
lgbm_small,0.8902318739961057,0.9741626794258372,0.7952089571670355,0.9191919191919192,99,6270,162,1573,0.62
lgbm_small,0.8901803399813908,0.9741544352265477,0.7949485744043744,0.9191919191919192,99,6268,162,1575,0.621
lgbm_small,0.8902003771503391,0.974309877134195,0.7949485744043744,0.9191919191919192,99,6267,161,1575,0.622
lgbm_small,0.8902003771503391,0.974309877134195,0.7949485744043744,0.9191919191919192,99,6267,161,1575,0.623
lgbm_small,0.8897910514175384,0.9743016759776536,0.7946881916417133,0.9191919191919192,99,6265,161,1577,0.624
lgbm_small,0.8899273137996417,0.974453137474054,0.7945580002603828,0.9191919191919192,99,6263,160,1578,0.625
lgbm_regularized,0.7746797041575169,0.7738217505420518,0.8828277568024997,0.303030303030303,99,8763,1982,900,0.1
lgbm_regularized,0.8260346841413052,0.8453095086151883,0.8622575185522718,0.5656565656565656,99,7835,1212,1058,0.2
lgbm_regularized,0.8534199310430617,0.8888584724883657,0.8454628303606301,0.6767676767676768,99,7306,812,1187,0.3
lgbm_regularized,0.8663928804749539,0.9148206374160356,0.8333550318968884,0.7272727272727273,99,6997,596,1280,0.35
lgbm_regularized,0.875759643004545,0.9298606016140866,0.8250227834917329,0.7878787878787878,99,6815,478,1344,0.4
lgbm_regularized,0.8839850787037296,0.9516153728372376,0.809139434969405,0.8686868686868687,99,6531,316,1466,0.45
lgbm_regularized,0.8865337620912016,0.9597388465723612,0.8038015883348523,0.8686868686868687,99,6433,259,1507,0.5
lgbm_regularized,0.8898986887380176,0.9683694448837578,0.7971618278869939,0.898989898989899,99,6323,200,1558,0.55
lgbm_regularized,0.8879443274682609,0.9726180944755805,0.7907824502017966,0.9191919191919192,99,6245,171,1607,0.6
lgbm_regularized,0.8865489228414303,0.9777018229166666,0.7820596276526494,0.9393939393939394,99,6144,137,1674,0.65
lgbm_regularized,0.8844572868953349,0.981456953642384,0.7717745085275355,0.9494949494949496,99,6040,112,1753,0.7
lgbm_regularized,0.8810790950668625,0.9853362548457778,0.7610988152584299,0.9494949494949496,99,5933,87,1835,0.75
lgbm_regularized,0.8733064466187743,0.9886383198485108,0.7476891029813826,0.9696969696969696,99,5809,66,1938,0.8
lgbm_regularized,0.8706024468110265,0.9894060437651964,0.741700299440177,0.9696969696969696,99,5758,61,1984,0.82
lgbm_regularized,0.8659998601406854,0.9908659757597048,0.734409582085666,0.9696969696969696,99,5693,52,2040,0.84
lgbm_regularized,0.8600195239740425,0.9921680313278748,0.7256867595365187,0.9696969696969696,99,5618,44,2107,0.86
lgbm_regularized,0.8535988625194755,0.9927797833935018,0.7160525973180576,0.9696969696969696,99,5540,40,2181,0.88
lgbm_regularized,0.8464012707156403,0.9935578869869316,0.7027730764223409,0.9696969696969696,99,5433,35,2283,0.9
lgbm_regularized,0.8410088758522228,0.9940476190476192,0.6957427418304908,0.9696969696969696,99,5376,32,2337,0.91
lgbm_regularized,0.8342377466598252,0.994535519125683,0.6871501106626742,0.9797979797979798,99,5307,29,2403,0.92
lgbm_regularized,0.8263255131778442,0.9952198852772468,0.6776461398255436,0.9797979797979798,99,5230,25,2476,0.93
lgbm_regularized,0.8192630153007858,0.9957156767283348,0.6656685327431324,0.9797979797979798,99,5135,22,2568,0.94
lgbm_regularized,0.8112977160849372,0.9960388195682314,0.6547324567113657,0.98989898989899,99,5049,20,2652,0.95
lgbm_regularized,0.7987992968078905,0.9971509971509972,0.637937768519724,0.98989898989899,99,4914,14,2781,0.96
lgbm_regularized,0.7879419266611171,0.9979044425817268,0.6199713578961072,0.98989898989899,99,4772,10,2919,0.97
lgbm_regularized,0.7677763202084553,0.9984544049459042,0.5887254263767738,1.0,99,4529,7,3159,0.98
lgbm_regularized,0.7244904408105284,0.9992603550295858,0.5276656685327431,1.0,99,4056,3,3628,0.99
lgbm_regularized,0.6486692010518451,0.9996999699969996,0.4337976825934123,1.0,99,3333,1,4349,0.995
lgbm_regularized,0.3298066259521427,1.0,0.1620882697565421,1.0,99,1245,0,6436,0.999
lgbm_regularized,0.8884442424605691,0.9649921507064364,0.8002864210389272,0.8787878787878788,99,6370,223,1534,0.525
lgbm_regularized,0.8884442424605691,0.9649921507064364,0.8002864210389272,0.8787878787878788,99,6370,223,1534,0.526
lgbm_regularized,0.8884442424605691,0.9649921507064364,0.8002864210389272,0.8787878787878788,99,6370,223,1534,0.527
lgbm_regularized,0.8883299851836501,0.9649811557788944,0.8000260382762661,0.8787878787878788,99,6368,223,1536,0.528
lgbm_regularized,0.8882583871330477,0.9649701539428212,0.799765655513605,0.8787878787878788,99,6366,223,1538,0.529
lgbm_regularized,0.8883227353951779,0.9651107967939652,0.7995052727509439,0.8787878787878788,99,6363,222,1540,0.53
lgbm_regularized,0.8882518439483622,0.9650998270712152,0.7992448899882828,0.8787878787878788,99,6361,222,1542,0.531
lgbm_regularized,0.8883838745794687,0.965251572327044,0.7992448899882828,0.8787878787878788,99,6360,221,1542,0.532
lgbm_regularized,0.8883192442006054,0.96524064171123,0.7989845072256216,0.8787878787878788,99,6358,221,1544,0.533
lgbm_regularized,0.8883192442006054,0.96524064171123,0.7989845072256216,0.8787878787878788,99,6358,221,1544,0.534
lgbm_regularized,0.8883745201825278,0.9653870358716172,0.7988543158442911,0.8787878787878788,99,6356,220,1545,0.535
lgbm_regularized,0.8883745201825278,0.9653870358716172,0.7988543158442911,0.8787878787878788,99,6356,220,1545,0.536
lgbm_regularized,0.8885415589355186,0.9658321524169422,0.79859393308163,0.8787878787878788,99,6351,217,1547,0.537
lgbm_regularized,0.8886830126167606,0.9661363994329816,0.79859393308163,0.8787878787878788,99,6349,215,1547,0.538
lgbm_regularized,0.8886741288352931,0.9662832834409958,0.7984637417002994,0.8787878787878788,99,6347,214,1548,0.539
lgbm_regularized,0.8886741288352931,0.9662832834409958,0.7984637417002994,0.8787878787878788,99,6347,214,1548,0.54
lgbm_regularized,0.8888575047118298,0.9664302600472812,0.7983335503189689,0.8787878787878788,99,6345,213,1549,0.541
lgbm_regularized,0.8888314600221189,0.9664249684741488,0.7982033589376383,0.8787878787878788,99,6344,213,1550,0.542
lgbm_regularized,0.8888314600221189,0.9664249684741488,0.7982033589376383,0.8787878787878788,99,6344,213,1550,0.543
lgbm_regularized,0.8893959659875028,0.9668769716088328,0.7980731675563077,0.8888888888888888,99,6340,210,1551,0.544
lgbm_regularized,0.8893959659875028,0.9668769716088328,0.7980731675563077,0.8888888888888888,99,6340,210,1551,0.545
lgbm_regularized,0.8891251339236947,0.967019094208616,0.7978127847936467,0.8888888888888888,99,6337,209,1553,0.546
lgbm_regularized,0.889741626460515,0.967466835123184,0.7975524020309855,0.898989898989899,99,6332,206,1555,0.547
lgbm_regularized,0.889741626460515,0.9676196493444952,0.7975524020309855,0.898989898989899,99,6331,205,1555,0.548
lgbm_regularized,0.8896903904128061,0.9680632411067194,0.7971618278869939,0.898989898989899,99,6325,202,1558,0.549
lgbm_regularized,0.8898986887380176,0.9683694448837578,0.7971618278869939,0.898989898989899,99,6323,200,1558,0.55
lgbm_regularized,0.889975706606163,0.9685226194242328,0.7971618278869939,0.898989898989899,99,6322,199,1558,0.551
lgbm_regularized,0.8900432889519339,0.9686659281531887,0.7969014451243328,0.898989898989899,99,6319,198,1560,0.552
lgbm_regularized,0.8900012792056728,0.9686609686609686,0.7967712537430022,0.898989898989899,99,6318,198,1561,0.553
lgbm_regularized,0.8900012792056728,0.9686609686609686,0.7967712537430022,0.898989898989899,99,6318,198,1561,0.554
lgbm_regularized,0.8901133051957025,0.9689677010766308,0.7967712537430022,0.898989898989899,99,6316,196,1561,0.555
lgbm_regularized,0.8901676707496875,0.9691211401425178,0.7967712537430022,0.898989898989899,99,6315,195,1561,0.556
lgbm_regularized,0.8902169712073573,0.969423320659062,0.7966410623616716,0.898989898989899,99,6312,193,1562,0.557
lgbm_regularized,0.8902561820293164,0.9695721077654516,0.7965108709803411,0.898989898989899,99,6310,192,1563,0.558
lgbm_regularized,0.8902639684511509,0.969720989220038,0.7963806795990106,0.898989898989899,99,6308,191,1564,0.559
lgbm_regularized,0.8902639684511509,0.969720989220038,0.7963806795990106,0.898989898989899,99,6308,191,1564,0.56
lgbm_regularized,0.8902639684511509,0.969720989220038,0.7963806795990106,0.898989898989899,99,6308,191,1564,0.561
lgbm_regularized,0.8902639684511509,0.969720989220038,0.7963806795990106,0.898989898989899,99,6308,191,1564,0.562
lgbm_regularized,0.8901158924308474,0.969706582077716,0.7959901054550189,0.898989898989899,99,6305,191,1567,0.5630000000000001
lgbm_regularized,0.8900546502814924,0.9696969696969696,0.7957297226923578,0.898989898989899,99,6303,191,1569,0.5640000000000001
lgbm_regularized,0.8899357476960926,0.969687351214093,0.7954693399296967,0.898989898989899,99,6301,191,1571,0.5650000000000001
lgbm_regularized,0.8895420445148493,0.9698316926008256,0.7952089571670355,0.898989898989899,99,6298,190,1573,0.5660000000000001
lgbm_regularized,0.8894650266467038,0.9698269016992218,0.795078765785705,0.898989898989899,99,6297,190,1574,0.5670000000000001
lgbm_regularized,0.8888103747674678,0.9699714013346044,0.7948183830230439,0.898989898989899,99,6294,189,1576,0.5680000000000001
lgbm_regularized,0.8886302079687707,0.9699570815450644,0.7944278088790522,0.898989898989899,99,6291,189,1579,0.5690000000000001
lgbm_regularized,0.8884019050024824,0.9699379672339749,0.79390704335373,0.898989898989899,99,6287,189,1583,0.5700000000000001
lgbm_regularized,0.8884019050024824,0.9699379672339749,0.79390704335373,0.898989898989899,99,6287,189,1583,0.5710000000000001
lgbm_regularized,0.8880168156617553,0.9699331848552338,0.7937768519723994,0.898989898989899,99,6286,189,1584,0.5720000000000001
lgbm_regularized,0.8880168156617553,0.9699331848552338,0.7937768519723994,0.898989898989899,99,6286,189,1584,0.5730000000000001
lgbm_regularized,0.8880168156617553,0.9699331848552338,0.7937768519723994,0.898989898989899,99,6286,189,1584,0.5740000000000001
lgbm_regularized,0.8880938335299008,0.9700875099443118,0.7937768519723994,0.898989898989899,99,6285,188,1584,0.5750000000000001
lgbm_deeper,0.7970816076449235,0.7961119569036187,0.8850410102851192,0.404040404040404,99,8539,1741,883,0.1
lgbm_deeper,0.8450928387575237,0.8642199455323564,0.8675953651868247,0.6060606060606061,99,7711,1047,1017,0.2
lgbm_deeper,0.8695248621449619,0.9094719195305953,0.847545892461919,0.7171717171717171,99,7158,648,1171,0.3
lgbm_deeper,0.8789422736815333,0.9246957766642806,0.8409061320140606,0.7676767676767676,99,6985,526,1222,0.35
lgbm_deeper,0.8835086626216834,0.9347129116875548,0.8350475198541857,0.797979797979798,99,6862,448,1267,0.4
lgbm_deeper,0.8889902670845617,0.9535411622276028,0.8203358937638329,0.8282828282828283,99,6608,307,1380,0.45
lgbm_deeper,0.8915929359215008,0.9618871984017212,0.8148678557479495,0.8484848484848485,99,6507,248,1422,0.5
lgbm_deeper,0.8932609007076697,0.9683455481054108,0.8084884780627523,0.8787878787878788,99,6413,203,1471,0.55
lgbm_deeper,0.8929949696913928,0.9729857819905212,0.8018487176148938,0.898989898989899,99,6330,171,1522,0.6
lgbm_deeper,0.8918269592500498,0.97552783109405,0.7940372347350605,0.9191919191919192,99,6252,153,1582,0.65
lgbm_deeper,0.8910431403494925,0.9812977719954464,0.7855747949485744,0.9292929292929292,99,6149,115,1647,0.7
lgbm_deeper,0.8866649138710274,0.9846179292093946,0.7750292930607994,0.9292929292929292,99,6046,93,1728,0.75
lgbm_deeper,0.8840197945938622,0.9882510909701242,0.7665668532743133,0.9494949494949496,99,5958,70,1793,0.8
lgbm_deeper,0.8810931600886998,0.9893184130213633,0.7596667100637938,0.9595959595959596,99,5898,63,1846,0.82
lgbm_deeper,0.8777551096290876,0.9899162536318578,0.7540684806665798,0.9696969696969696,99,5851,59,1889,0.84
lgbm_deeper,0.8742866864593654,0.9913807964144112,0.7487306340320271,0.9696969696969696,99,5801,50,1930,0.86
lgbm_deeper,0.8704538338739856,0.9931949049031584,0.7410493425335243,0.9797979797979798,99,5731,39,1989,0.88
lgbm_deeper,0.8648037359767925,0.9938075017692852,0.7312849889337326,0.9797979797979798,99,5652,35,2064,0.9
lgbm_deeper,0.8591103975634627,0.9944434486467107,0.7223017836219242,0.9797979797979798,99,5579,31,2133,0.91
lgbm_deeper,0.8550337279243504,0.9954669084315504,0.714750683504752,0.9797979797979798,99,5515,25,2191,0.92
lgbm_deeper,0.8486943308301557,0.996688132474701,0.7052467126676214,0.98989898989899,99,5435,18,2264,0.93
lgbm_deeper,0.8442071029077033,0.9975773387998508,0.6969144642624658,0.98989898989899,99,5366,13,2328,0.94
lgbm_deeper,0.8374089014559606,0.9977311401020988,0.6870199192813435,0.98989898989899,99,5289,12,2404,0.95
lgbm_deeper,0.8297433793941439,0.9980732177263968,0.6743913552922797,0.98989898989899,99,5190,10,2501,0.96
lgbm_deeper,0.8159050138317062,0.998611386629637,0.6553834136180184,0.98989898989899,99,5041,7,2647,0.97
lgbm_deeper,0.7947353113176528,0.99896458894181,0.6280432235386018,1.0,99,4829,5,2857,0.98
lgbm_deeper,0.7515087621975584,0.9995421245421244,0.5684155708892071,1.0,99,4368,2,3315,0.99
lgbm_deeper,0.6985258265947109,0.9994763026970412,0.4969405025387319,1.0,99,3819,2,3864,0.995
lgbm_deeper,0.4401923802801651,1.0,0.2327821898190339,1.0,99,1788,0,5893,0.999
lgbm_deeper,0.8936769960624448,0.9660622966062296,0.8116130712146856,0.8686868686868687,99,6453,219,1447,0.525
lgbm_deeper,0.8937659263096467,0.9663565891472868,0.811482879833355,0.8686868686868687,99,6450,217,1448,0.526
lgbm_deeper,0.8937136517385073,0.9663513723057838,0.8113526884520245,0.8686868686868687,99,6449,217,1449,0.527
lgbm_deeper,0.893865950229652,0.966651155576237,0.8113526884520245,0.8686868686868687,99,6447,215,1449,0.528
lgbm_deeper,0.8942317851033426,0.9667959658650116,0.8112224970706939,0.8787878787878788,99,6445,214,1450,0.529
lgbm_deeper,0.8942310349293023,0.966940866056185,0.8110923056893634,0.8787878787878788,99,6443,213,1451,0.53
lgbm_deeper,0.8941540170611568,0.9669306008383792,0.8108319229267023,0.8787878787878788,99,6441,213,1453,0.531
lgbm_deeper,0.8940577447259751,0.9669254658385094,0.8107017315453717,0.8787878787878788,99,6440,213,1454,0.532
lgbm_deeper,0.8940157349797139,0.9669203292436712,0.8105715401640411,0.8787878787878788,99,6439,213,1455,0.533
lgbm_deeper,0.894133057876846,0.967220755010098,0.8105715401640411,0.8787878787878788,99,6437,211,1455,0.534
lgbm_deeper,0.8941967968022078,0.9673710379117464,0.8105715401640411,0.8787878787878788,99,6436,210,1455,0.535
lgbm_deeper,0.8941967968022078,0.9673710379117464,0.8105715401640411,0.8787878787878788,99,6436,210,1455,0.536
lgbm_deeper,0.894231804924092,0.967516319552378,0.8104413487827106,0.8787878787878788,99,6434,209,1456,0.537
lgbm_deeper,0.894174041522983,0.9675112700139904,0.81031115740138,0.8787878787878788,99,6433,209,1457,0.538
lgbm_deeper,0.8937756732394723,0.9676566630384076,0.8101809660200495,0.8787878787878788,99,6431,208,1458,0.539
lgbm_deeper,0.893795030671573,0.9678021465235652,0.8100507746387189,0.8787878787878788,99,6429,207,1459,0.54
lgbm_deeper,0.8937730255663885,0.9677971375233354,0.8099205832573884,0.8787878787878788,99,6428,207,1460,0.541
lgbm_deeper,0.8937161091359702,0.9677871148459384,0.8096602004947272,0.8787878787878788,99,6426,207,1462,0.542
lgbm_deeper,0.8939058002031214,0.9680884184308842,0.8096602004947272,0.8787878787878788,99,6424,205,1462,0.543
lgbm_deeper,0.8938734397543208,0.9682341949548428,0.8095300091133967,0.8787878787878788,99,6422,204,1463,0.544
lgbm_deeper,0.8934443402032249,0.9682242990654204,0.8092696263507356,0.8787878787878788,99,6420,204,1465,0.545
lgbm_deeper,0.8935147565398149,0.9683751363140676,0.8092696263507356,0.8787878787878788,99,6419,203,1465,0.546
lgbm_deeper,0.8933572760079158,0.968360349127182,0.8088790522067439,0.8787878787878788,99,6416,203,1468,0.547
lgbm_deeper,0.8933152662616547,0.9683554169914264,0.8087488608254133,0.8787878787878788,99,6415,203,1469,0.548
lgbm_deeper,0.8932829058128541,0.9683504833177424,0.8086186694440828,0.8787878787878788,99,6414,203,1470,0.549
lgbm_deeper,0.8932609007076697,0.9683455481054108,0.8084884780627523,0.8787878787878788,99,6413,203,1471,0.55
lgbm_deeper,0.893308296318836,0.9684965689332502,0.8084884780627523,0.8787878787878788,99,6412,202,1471,0.551
lgbm_deeper,0.8932601601512452,0.9684916549680236,0.8083582866814217,0.8787878787878788,99,6411,202,1472,0.552
lgbm_deeper,0.8932208338758877,0.9687743950039032,0.8078375211560994,0.8787878787878788,99,6405,200,1476,0.553
lgbm_deeper,0.8930677701392943,0.9687597625741956,0.8074469470121078,0.8787878787878788,99,6402,200,1479,0.554
lgbm_deeper,0.8935298773481667,0.9689111076394312,0.8074469470121078,0.8888888888888888,99,6401,199,1479,0.555
lgbm_deeper,0.893505640956093,0.96890625,0.8073167556307772,0.8888888888888888,99,6400,199,1480,0.556
lgbm_deeper,0.893505640956093,0.96890625,0.8073167556307772,0.8888888888888888,99,6400,199,1480,0.557
lgbm_deeper,0.8937137883842273,0.9693606377989684,0.8073167556307772,0.8888888888888888,99,6397,196,1480,0.558
lgbm_deeper,0.8935730377813695,0.9694931163954944,0.806795990105455,0.8888888888888888,99,6392,195,1484,0.559
lgbm_deeper,0.8937878626207323,0.96994834872437,0.806795990105455,0.8888888888888888,99,6389,192,1484,0.56
lgbm_deeper,0.8938992510194017,0.9702474162229878,0.8066657987241245,0.8888888888888888,99,6386,190,1485,0.561
lgbm_deeper,0.8938703693188472,0.9702427564604542,0.806535607342794,0.8888888888888888,99,6385,190,1486,0.562
lgbm_deeper,0.8938703693188472,0.9702427564604542,0.806535607342794,0.8888888888888888,99,6385,190,1486,0.5630000000000001
lgbm_deeper,0.8939676550470309,0.9703947368421052,0.806535607342794,0.8888888888888888,99,6384,189,1486,0.5640000000000001
lgbm_deeper,0.8935055478381585,0.970390098699671,0.8064054159614633,0.8888888888888888,99,6383,189,1487,0.5650000000000001
lgbm_deeper,0.8929795508068472,0.9703761755485892,0.8060148418174717,0.8888888888888888,99,6380,189,1490,0.5660000000000001
lgbm_deeper,0.8929025329387019,0.9703715315880233,0.8058846504361411,0.8888888888888888,99,6379,189,1491,0.5670000000000001
lgbm_deeper,0.8927772105946873,0.970357590966123,0.8054940762921494,0.8888888888888888,99,6376,189,1494,0.5680000000000001
lgbm_deeper,0.8927892217927658,0.9705005491919032,0.8052336935294884,0.8888888888888888,99,6373,188,1496,0.5690000000000001
lgbm_deeper,0.8925581681883296,0.970495919648462,0.8051035021481578,0.8888888888888888,99,6372,188,1497,0.5700000000000001
lgbm_deeper,0.8926701941783592,0.970648249882279,0.8051035021481578,0.8888888888888888,99,6371,187,1497,0.5710000000000001
lgbm_deeper,0.8927294386923172,0.9708006279434852,0.8051035021481578,0.8888888888888888,99,6370,186,1497,0.5720000000000001
lgbm_deeper,0.8923443493515902,0.9707960433349034,0.8049733107668272,0.8888888888888888,99,6369,186,1498,0.5730000000000001
lgbm_deeper,0.8921930642534475,0.9709347996857816,0.8045827366228355,0.8888888888888888,99,6365,185,1501,0.5740000000000001
lgbm_deeper,0.8921930642534475,0.9709347996857816,0.8045827366228355,0.8888888888888888,99,6365,185,1501,0.5750000000000001
lgbm_shallow,0.7823106856143789,0.7801516195727085,0.8842598619971358,0.3232323232323232,99,8706,1914,889,0.1
lgbm_shallow,0.8294466973608291,0.8479703854991064,0.864861346178883,0.5757575757575758,99,7834,1191,1038,0.2
lgbm_shallow,0.8585852870741634,0.8931412894375858,0.8476760838432496,0.6868686868686869,99,7290,779,1170,0.3
lgbm_shallow,0.8737025413470438,0.9196275071633238,0.8356984767608384,0.7777777777777778,99,6980,561,1262,0.35
lgbm_shallow,0.8768057474205544,0.9319817834582048,0.8259341231610468,0.797979797979798,99,6807,463,1337,0.4
lgbm_shallow,0.884469670783265,0.9540792897596816,0.811482879833355,0.8383838383838383,99,6533,300,1448,0.45
lgbm_shallow,0.8874827711841071,0.961783439490446,0.8060148418174717,0.8585858585858586,99,6437,246,1490,0.5
lgbm_shallow,0.8896956495816706,0.9683065279091768,0.7995052727509439,0.8888888888888888,99,6342,201,1540,0.55
lgbm_shallow,0.889361777211103,0.972705506783719,0.7933862778284078,0.9191919191919192,99,6265,171,1587,0.6
lgbm_shallow,0.8878744771458869,0.9776228311983136,0.7849238380419217,0.9292929292929292,99,6167,138,1652,0.65
lgbm_shallow,0.8854973832906895,0.9817163564486904,0.7759406327301133,0.9494949494949496,99,6071,111,1721,0.7
lgbm_shallow,0.8811077336924688,0.985711884350311,0.7634422601223799,0.9696969696969696,99,5949,85,1817,0.75
lgbm_shallow,0.8755018547171062,0.9885411322045492,0.7525061840906132,0.9696969696969696,99,5847,67,1901,0.8
lgbm_shallow,0.8723922363480524,0.9893011216566006,0.7463871891680771,0.9696969696969696,99,5795,62,1948,0.82
lgbm_shallow,0.8682715469587508,0.99023709902371,0.7394870459575577,0.9696969696969696,99,5736,56,2001,0.84
lgbm_shallow,0.8626818964564507,0.9909814323607428,0.7295925009764354,0.9696969696969696,99,5655,51,2077,0.86
lgbm_shallow,0.8570092788602008,0.9928199605097828,0.7200885301393047,0.9696969696969696,99,5571,40,2150,0.88
lgbm_shallow,0.8479334080902315,0.9941595181602482,0.7091524541075381,0.9696969696969696,99,5479,32,2234,0.9
lgbm_shallow,0.843410605439108,0.9944690265486724,0.7022523108970187,0.9696969696969696,99,5424,30,2287,0.91
lgbm_shallow,0.8373531677155394,0.994959865596416,0.693920062491863,0.9696969696969696,99,5357,27,2351,0.92
lgbm_shallow,0.8335355146561884,0.9954614220877458,0.6853274313240464,0.9797979797979798,99,5288,24,2417,0.93
lgbm_shallow,0.825886850107384,0.995783825220391,0.6764744173935685,0.9797979797979798,99,5218,22,2485,0.94
lgbm_shallow,0.8161117108433624,0.9966692789968652,0.6622835568285379,0.98989898989899,99,5104,17,2594,0.95
lgbm_shallow,0.8066958677226395,0.996993987975952,0.6477021221195157,1.0,99,4990,15,2706,0.96
lgbm_shallow,0.7955340030768682,0.9983423124740988,0.6272620752506184,1.0,99,4826,8,2863,0.97
lgbm_shallow,0.772662486515825,0.9986956521739132,0.5980992058325739,1.0,99,4600,6,3087,0.98
lgbm_shallow,0.7345088654072287,0.9990345160511708,0.538862127327171,1.0,99,4143,4,3542,0.99
lgbm_shallow,0.6677114208163892,0.9997144488863506,0.4558000260382762,1.0,99,3502,1,4180,0.995
lgbm_shallow,0.3739442837919199,1.0,0.1889076943106366,1.0,99,1451,0,6230,0.999
lgbm_shallow,0.8885904064650515,0.965090795241077,0.8026298659028772,0.8787878787878788,99,6388,223,1516,0.525
lgbm_shallow,0.8887470642274503,0.965393047290949,0.8026298659028772,0.8787878787878788,99,6386,221,1516,0.526
lgbm_shallow,0.8887936678881224,0.9658414290191164,0.8024996745215467,0.8787878787878788,99,6382,218,1517,0.527
lgbm_shallow,0.8889180813674341,0.9661442006269592,0.8024996745215467,0.8787878787878788,99,6380,216,1517,0.528
lgbm_shallow,0.888876071621173,0.966138893243455,0.8023694831402162,0.8787878787878788,99,6379,216,1518,0.529
lgbm_shallow,0.8888147383954488,0.9661282734828288,0.802109100377555,0.8787878787878788,99,6377,216,1520,0.53
lgbm_shallow,0.8888917562635943,0.9662797992471768,0.802109100377555,0.8787878787878788,99,6376,215,1520,0.531
lgbm_shallow,0.8888657115738833,0.9662745098039216,0.8019789089962245,0.8787878787878788,99,6375,215,1521,0.532
lgbm_shallow,0.8888414751818096,0.9662692187009728,0.8018487176148938,0.8787878787878788,99,6374,215,1522,0.533
lgbm_shallow,0.8887892006106701,0.9662639259375492,0.8017185262335633,0.8787878787878788,99,6373,215,1523,0.534
lgbm_shallow,0.8887892006106701,0.9662639259375492,0.8017185262335633,0.8787878787878788,99,6373,215,1523,0.535
lgbm_shallow,0.8888276286436207,0.9663997487831684,0.8013279520895716,0.8787878787878788,99,6369,214,1526,0.536
lgbm_shallow,0.8892648689557238,0.9668343288274128,0.8008071865642494,0.8888888888888888,99,6362,211,1530,0.537
lgbm_shallow,0.889309036908782,0.9669863229052036,0.8008071865642494,0.8888888888888888,99,6361,210,1530,0.538
lgbm_shallow,0.8894318769526639,0.967290454473974,0.8008071865642494,0.8888888888888888,99,6359,208,1530,0.539
lgbm_shallow,0.8894318769526639,0.967290454473974,0.8008071865642494,0.8888888888888888,99,6359,208,1530,0.54
lgbm_shallow,0.8893356046174821,0.9672853098458636,0.8006769951829189,0.8888888888888888,99,6358,208,1531,0.541
lgbm_shallow,0.8892893631202238,0.9672750157331657,0.8004166124202577,0.8888888888888888,99,6356,208,1533,0.542
lgbm_shallow,0.8893856354554056,0.967416968361404,0.8001562296575967,0.8888888888888888,99,6353,207,1535,0.543
lgbm_shallow,0.8894493743807674,0.9675692695214104,0.8001562296575967,0.8888888888888888,99,6352,206,1535,0.544
lgbm_shallow,0.8894073646345063,0.9675641631239176,0.8000260382762661,0.8888888888888888,99,6351,206,1536,0.545
lgbm_shallow,0.8894073646345063,0.9675641631239176,0.8000260382762661,0.8888888888888888,99,6351,206,1536,0.546
lgbm_shallow,0.8896366809937964,0.9678689557410616,0.8000260382762661,0.8888888888888888,99,6349,204,1536,0.547
lgbm_shallow,0.8897398299243483,0.9680163856940288,0.7998958468949355,0.8888888888888888,99,6347,203,1537,0.548
lgbm_shallow,0.88967392040257,0.968158890290038,0.7996354641322745,0.8888888888888888,99,6344,202,1539,0.549
lgbm_shallow,0.8896956495816706,0.9683065279091768,0.7995052727509439,0.8888888888888888,99,6342,201,1540,0.55
lgbm_shallow,0.88966328913287,0.9683015297271724,0.7993750813696133,0.8888888888888888,99,6341,201,1541,0.551
lgbm_shallow,0.8897337054694601,0.9684542586750788,0.7993750813696133,0.8888888888888888,99,6340,200,1541,0.552
lgbm_shallow,0.8897929499834181,0.968602082675923,0.7992448899882828,0.8888888888888888,99,6338,199,1542,0.553
lgbm_shallow,0.8899049759734478,0.968754931355531,0.7992448899882828,0.8888888888888888,99,6337,198,1542,0.554
lgbm_shallow,0.8900693606019097,0.969046114971573,0.7988543158442911,0.8888888888888888,99,6332,196,1545,0.555
lgbm_shallow,0.8900693606019097,0.969046114971573,0.7988543158442911,0.8888888888888888,99,6332,196,1545,0.556
lgbm_shallow,0.8900693606019097,0.969046114971573,0.7988543158442911,0.8888888888888888,99,6332,196,1545,0.557
lgbm_shallow,0.8906084856789274,0.969352290679305,0.7988543158442911,0.898989898989899,99,6330,194,1545,0.558
lgbm_shallow,0.890146378470055,0.9693474482540686,0.7987241244629606,0.898989898989899,99,6329,194,1546,0.559
lgbm_shallow,0.8902056229840131,0.9694958116010748,0.79859393308163,0.898989898989899,99,6327,193,1547,0.56
lgbm_shallow,0.8902056229840131,0.9694958116010748,0.79859393308163,0.898989898989899,99,6327,193,1547,0.561
lgbm_shallow,0.8904046436673633,0.9699462195507752,0.7983335503189689,0.898989898989899,99,6322,190,1549,0.562
lgbm_shallow,0.8904596564303243,0.9700949367088608,0.7982033589376383,0.898989898989899,99,6320,189,1550,0.5630000000000001
lgbm_shallow,0.8904446854773884,0.9702437480215258,0.7980731675563077,0.898989898989899,99,6318,188,1551,0.5640000000000001
lgbm_shallow,0.8904762985808592,0.9703785838745446,0.7975524020309855,0.898989898989899,99,6313,187,1555,0.5650000000000001
lgbm_shallow,0.8903639808564805,0.970369196640786,0.7972920192683245,0.898989898989899,99,6311,187,1557,0.5660000000000001
lgbm_shallow,0.8903693667213858,0.9705183071802188,0.7971618278869939,0.898989898989899,99,6309,186,1558,0.5670000000000001
lgbm_shallow,0.8904397830579759,0.9706721623335448,0.7971618278869939,0.898989898989899,99,6308,185,1558,0.5680000000000001
lgbm_shallow,0.8903417603167,0.970667512287934,0.7970316365056633,0.898989898989899,99,6307,185,1559,0.5690000000000001
lgbm_shallow,0.8903417603167,0.970667512287934,0.7970316365056633,0.898989898989899,99,6307,185,1559,0.5700000000000001
lgbm_shallow,0.8903417603167,0.970667512287934,0.7970316365056633,0.898989898989899,99,6307,185,1559,0.5710000000000001
lgbm_shallow,0.8903417603167,0.970667512287934,0.7970316365056633,0.898989898989899,99,6307,185,1559,0.5720000000000001
lgbm_shallow,0.8902647424485545,0.970662860767523,0.7969014451243328,0.898989898989899,99,6306,185,1560,0.5730000000000001
lgbm_shallow,0.8902221171748755,0.9708121827411168,0.7967712537430022,0.898989898989899,99,6304,184,1561,0.5740000000000001
lgbm_shallow,0.8902552431396693,0.9709662065683008,0.7967712537430022,0.898989898989899,99,6303,183,1561,0.5750000000000001
without_address,0.553359314145338,0.3448295294449141,0.7966410623616716,0.2121212121212121,99,17745,11626,1562,0.1
without_address,0.6033784101266749,0.5017568517217147,0.6506965238901185,0.4646464646464646,99,9961,4963,2683,0.2
without_address,0.6039162143172642,0.5785723887619304,0.5603437052467126,0.5757575757575758,99,7439,3135,3377,0.3
without_address,0.5978601429761696,0.6012381096179978,0.5184220804582736,0.6363636363636364,99,6623,2641,3699,0.35
without_address,0.5005952982170392,0.780922728559298,0.3591980210910038,0.7878787878787878,99,3533,774,4922,0.4
without_address,0.4870915030086956,0.8065614360878984,0.3392787397474287,0.8080808080808081,99,3231,625,5075,0.45
without_address,0.4747874383542562,0.8369747899159664,0.3241765395130842,0.8585858585858586,99,2975,485,5191,0.5
without_address,0.4560522194859349,0.8609148382298252,0.3013930477802369,0.8787878787878788,99,2689,374,5366,0.55
without_address,0.4421405476204658,0.8771929824561403,0.286421038927223,0.9090909090909092,99,2508,308,5481,0.6
without_address,0.4320145719969652,0.8860386879730866,0.2743132404634813,0.9292929292929292,99,2378,271,5574,0.65
without_address,0.399269356262354,0.9176814417924988,0.2452805624267673,0.9393939393939394,99,2053,169,5797,0.7
without_address,0.3823056473156901,0.9254272397721388,0.2326519984377034,0.9393939393939394,99,1931,144,5894,0.75
without_address,0.3685268508829063,0.943661971830986,0.2180705637286811,0.9494949494949496,99,1775,100,6006,0.8
without_address,0.3574552679554587,0.9588128407026044,0.20609295664627,0.9595959595959596,99,1651,68,6098,0.82
without_address,0.3393359024154295,0.9747440273037544,0.1859132925400338,0.9797979797979798,99,1465,37,6253,0.84
without_address,0.3248175860149254,0.9888059701492538,0.1725035802629866,0.9797979797979798,99,1340,15,6356,0.86
without_address,0.3132742572133834,0.9920445505171042,0.1623486525192032,0.98989898989899,99,1257,10,6434,0.88
without_address,0.301005138656209,0.9941176470588236,0.1540164041140476,0.98989898989899,99,1190,7,6498,0.9
without_address,0.2947396101388443,0.9947916666666666,0.149199323004817,0.98989898989899,99,1152,6,6535,0.91
without_address,0.2898013768419447,0.9964093357271095,0.144512433276917,1.0,99,1114,4,6571,0.92
without_address,0.2819612300103459,0.9962859795728876,0.1396953521676865,1.0,99,1077,4,6608,0.93
without_address,0.2746555940860273,0.9961277831558568,0.133966931389142,1.0,99,1033,4,6652,0.94
without_address,0.2643788506927781,0.9969543147208122,0.1278479364666059,1.0,99,985,3,6699,0.95
without_address,0.2511038960714216,0.9989165763813652,0.1200364535867725,1.0,99,923,1,6759,0.96
without_address,0.2340079477549242,1.0,0.1083192292670225,1.0,99,832,0,6849,0.97
without_address,0.2056185642933007,1.0,0.0911339669313891,1.0,99,700,0,6981,0.98
without_address,0.1721829098947357,1.0,0.0717354511131363,1.0,99,551,0,7130,0.99
without_address,0.1445356038346709,1.0,0.0553313370654862,1.0,99,425,0,7256,0.995
without_address,0.0457486136783733,1.0,0.0,1.0,99,0,0,7681,0.999
without_address,0.605233372620713,0.5646728016359919,0.5751855227183961,0.5555555555555556,99,7824,3406,3263,0.2749999999999999
without_address,0.6050080401670105,0.5649167733674776,0.5744043744304127,0.5555555555555556,99,7810,3398,3269,0.2759999999999999
without_address,0.603564166660809,0.5651336073997945,0.5727118864731154,0.5555555555555556,99,7784,3385,3282,0.2769999999999999
without_address,0.6036683386176058,0.5653514972368591,0.5727118864731154,0.5555555555555556,99,7781,3382,3282,0.2779999999999999
without_address,0.6036118967762767,0.5664344685242518,0.571670355422471,0.5555555555555556,99,7752,3361,3290,0.2789999999999999
without_address,0.6034396567696078,0.5668691045354697,0.5711495898971488,0.5555555555555556,99,7739,3352,3294,0.2799999999999999
without_address,0.6033358066080665,0.5669769847426946,0.5708892071344877,0.5555555555555556,99,7734,3349,3296,0.2809999999999999
without_address,0.6022239975020927,0.5669301542050019,0.5695872933211822,0.5555555555555556,99,7717,3342,3306,0.282
without_address,0.6022307250851107,0.5672590478661305,0.569326910558521,0.5555555555555556,99,7709,3336,3308,0.283
without_address,0.6022179759640204,0.5677888989990901,0.5686759536518683,0.5555555555555556,99,7693,3325,3313,0.284
without_address,0.602656875125879,0.5683209587078286,0.5680249967452154,0.5656565656565656,99,7677,3314,3318,0.285
without_address,0.6027541244643523,0.569281045751634,0.566983465694571,0.5656565656565656,99,7650,3295,3326,0.286
without_address,0.602850474580148,0.5696152839570793,0.5667230829319099,0.5656565656565656,99,7642,3289,3328,0.287
without_address,0.6030731017785809,0.5709969788519638,0.5659419346439266,0.5656565656565656,99,7613,3266,3334,0.288
without_address,0.6028712449156401,0.5709965816460689,0.5654211691186043,0.5656565656565656,99,7606,3263,3338,0.289
without_address,0.6026446090027751,0.570902394106814,0.5650305949746127,0.5656565656565656,99,7602,3262,3341,0.29
without_address,0.6026343248939838,0.5714097496706192,0.564640020830621,0.5656565656565656,99,7590,3253,3344,0.291
without_address,0.602594300498314,0.5716169876022158,0.5642494466866294,0.5656565656565656,99,7582,3248,3347,0.292
without_address,0.6031611003771737,0.5734710087370929,0.5639890639239682,0.5656565656565656,99,7554,3222,3349,0.293
without_address,0.603394589571324,0.5743494423791822,0.5632079156359849,0.5656565656565656,99,7532,3206,3355,0.294
without_address,0.6031637797712986,0.5748869380154297,0.5626871501106627,0.5656565656565656,99,7518,3196,3359,0.295
without_address,0.6030233447031177,0.5752731148414602,0.5621663845853404,0.5656565656565656,99,7506,3188,3363,0.296
without_address,0.603224514923005,0.5759071504802561,0.5620361932040099,0.5656565656565656,99,7496,3179,3364,0.297
without_address,0.603718403384591,0.5773043944265809,0.5609946621533655,0.5757575757575758,99,7464,3155,3372,0.298
without_address,0.6035381714365571,0.5776764153474645,0.5606040880093738,0.5757575757575758,99,7454,3148,3375,0.299
without_address,0.6039162143172642,0.5785723887619304,0.5603437052467126,0.5757575757575758,99,7439,3135,3377,0.3
without_address,0.6030434828578876,0.5793875623903952,0.5591719828147377,0.5757575757575758,99,7413,3118,3386,0.301
without_address,0.603145876641508,0.5801733477789816,0.5577398776201016,0.5757575757575758,99,7384,3100,3397,0.302
without_address,0.603073115112603,0.5803292069106244,0.5553964327561516,0.5858585858585859,99,7351,3085,3415,0.303
without_address,0.6030113007385813,0.5808873720136519,0.5539643275615155,0.5858585858585859,99,7325,3070,3426,0.304
without_address,0.6036462835993384,0.5818381043692645,0.5530529878922016,0.5959595959595959,99,7301,3053,3433,0.305
without_address,0.6035516357378892,0.5822802197802198,0.5518812654602265,0.5959595959595959,99,7280,3041,3442,0.306
without_address,0.6035495779452474,0.5823828500755805,0.551751074078896,0.5959595959595959,99,7277,3039,3443,0.307
without_address,0.6035194426363559,0.5830690748655729,0.550579351646921,0.5959595959595959,99,7253,3024,3452,0.308
without_address,0.6033182071441354,0.5838062283737024,0.5491472464522849,0.5959595959595959,99,7225,3007,3463,0.309
without_address,0.6030163480910857,0.5840033268644302,0.5484962895456321,0.5959595959595959,99,7214,3001,3468,0.31
without_address,0.6031007169225125,0.5850812612862898,0.5483660981643015,0.5959595959595959,99,7199,2987,3469,0.311
without_address,0.6031947070065051,0.5854540397719371,0.5481057154016404,0.5959595959595959,99,7191,2981,3471,0.312
without_address,0.6031284458622136,0.5861924686192469,0.5471943757323265,0.5959595959595959,99,7170,2967,3478,0.313
without_address,0.6030261757587054,0.5862646566164154,0.5468038015883349,0.5959595959595959,99,7164,2964,3481,0.314
without_address,0.6031720522741995,0.5867953559938452,0.5461528446816821,0.5959595959595959,99,7149,2954,3486,0.315
without_address,0.6036705388769624,0.5874194452227515,0.545892461919021,0.5959595959595959,99,7138,2945,3488,0.316
without_address,0.6030443086864096,0.5881360697216755,0.5447207394870459,0.5959595959595959,99,7114,2930,3497,0.317
without_address,0.6031554506400811,0.5893712996898788,0.5443301653430543,0.5959595959595959,99,7094,2913,3500,0.318
without_address,0.6032375381922843,0.589671229010865,0.5440697825803932,0.5959595959595959,99,7087,2908,3502,0.319
without_address,0.6034033236215058,0.590138457191297,0.543809399817732,0.5959595959595959,99,7078,2901,3504,0.32
without_address,0.6025811677749778,0.5901360544217688,0.5421169118604349,0.5959595959595959,99,7056,2892,3517,0.321
without_address,0.6026369945174612,0.5906897530513767,0.5418565290977737,0.5959595959595959,99,7046,2884,3519,0.322
without_address,0.6028106590320716,0.5911610061105584,0.5415961463351127,0.5959595959595959,99,7037,2877,3521,0.323
without_address,0.6024149407328617,0.5915172217477939,0.5410753808097903,0.5959595959595959,99,7026,2870,3525,0.324
without_address,0.6023549614330489,0.5915954415954416,0.5406848066657988,0.5959595959595959,99,7020,2867,3528,0.325
without_name,0.6690531287724446,0.5552315305761754,0.8179924488998829,0.2323232323232323,99,11316,5033,1398,0.1
without_name,0.7175609058471814,0.633210332103321,0.7819294362713188,0.3838383838383838,99,9485,3479,1675,0.2
without_name,0.7438534328607335,0.6818772904598652,0.7509438875146466,0.5959595959595959,99,8459,2691,1913,0.3
without_name,0.7500200205582824,0.6999875358344759,0.731154797552402,0.6767676767676768,99,8023,2407,2065,0.35
without_name,0.7532627716937068,0.7172141918528252,0.7105845593021742,0.7272727272727273,99,7610,2152,2223,0.4
without_name,0.7550675718075756,0.7377963737796374,0.6887124072386408,0.7474747474747475,99,7170,1880,2391,0.45
without_name,0.7517083472441303,0.7526564344746163,0.6639760447858352,0.797979797979798,99,6776,1676,2581,0.5
without_name,0.7433330995203581,0.766944488127064,0.6349433667491212,0.8484848484848485,99,6359,1482,2804,0.55
without_name,0.7243102187343428,0.7775897088693298,0.5980992058325739,0.8888888888888888,99,5908,1314,3087,0.6
without_name,0.69968290625724,0.7900602959985383,0.5629475328733238,0.9191919191919192,99,5473,1149,3357,0.65
without_name,0.6709697023916208,0.7992491602450109,0.5266241374820987,0.9191919191919192,99,5061,1016,3636,0.7
without_name,0.6327021887768838,0.8129847108353645,0.4776721781018097,0.9191919191919192,99,4513,844,4012,0.75
without_name,0.4622564843656745,0.8182487122884474,0.2895456320791563,0.9191919191919192,99,2718,494,5457,0.8
without_name,0.2931273951675495,0.8571428571428571,0.1554485093086837,0.9696969696969696,99,1393,199,6487,0.82
without_name,0.2144077685386773,0.8761363636363636,0.1003775550058586,0.9797979797979798,99,880,109,6910,0.84
without_name,0.1504507875734674,0.9267782426778244,0.0576747819294362,1.0,99,478,35,7238,0.86
without_name,0.1168745845491659,0.9730639730639732,0.0376253092045306,1.0,99,297,8,7392,0.88
without_name,0.0970864912605425,0.99009900990099,0.0260382762661111,1.0,99,202,2,7481,0.9
without_name,0.0950610213515237,0.9897435897435898,0.0251269365967972,1.0,99,195,2,7488,0.91
without_name,0.0908275391836607,0.988950276243094,0.0233042572581695,1.0,99,181,2,7502,0.92
without_name,0.0879121448634605,0.9883040935672516,0.0220023434448639,1.0,99,171,2,7512,0.93
without_name,0.0835420476675777,0.9870967741935484,0.019919281343575,1.0,99,155,2,7528,0.94
without_name,0.0805661393081203,0.9928571428571428,0.0180966020049472,1.0,99,140,1,7542,0.95
without_name,0.0773717315388512,1.0,0.01640411404765,1.0,99,126,0,7555,0.96
without_name,0.0728801578195402,1.0,0.0136700950397083,1.0,99,105,0,7576,0.97
without_name,0.0617635787732014,1.0,0.0083322484051555,1.0,99,64,0,7617,0.98
without_name,0.0528241911097733,1.0,0.0036453586772555,1.0,99,28,0,7653,0.99
without_name,0.0457486136783733,1.0,0.0,1.0,99,0,0,7681,0.995
without_name,0.0457486136783733,1.0,0.0,1.0,99,0,0,7681,0.999
without_name,0.755219468047643,0.727568006496143,0.6999088660330686,0.7373737373737373,99,7389,2013,2305,0.425
without_name,0.7556054586565489,0.7286411716842962,0.699518291889077,0.7373737373737373,99,7374,2001,2308,0.426
without_name,0.7555765769559943,0.7287032013022247,0.6993881005077464,0.7373737373737373,99,7372,2000,2309,0.427
without_name,0.7553055780009965,0.7287421896223852,0.6984767608384325,0.7373737373737373,99,7362,1997,2316,0.428
without_name,0.7553185810176962,0.729398966548817,0.6983465694571019,0.7373737373737373,99,7354,1990,2317,0.429
without_name,0.755565454448576,0.7304181991554284,0.6980861866944408,0.7373737373737373,99,7341,1979,2319,0.43
without_name,0.7557388955489802,0.7307168165712729,0.6980861866944408,0.7373737373737373,99,7338,1976,2319,0.431
without_name,0.755700824216431,0.7308689128359024,0.6975654211691186,0.7373737373737373,99,7331,1973,2323,0.432
without_name,0.7558297927165746,0.7315573770491803,0.6971748470251269,0.7373737373737373,99,7320,1965,2326,0.433
without_name,0.7557334733619374,0.7319841378367291,0.6969144642624658,0.7373737373737373,99,7313,1960,2328,0.434
without_name,0.7558770744691563,0.7324753559693319,0.6965238901184742,0.7373737373737373,99,7304,1954,2331,0.435
without_name,0.7549221109304358,0.7328579264947888,0.6957427418304908,0.7373737373737373,99,7292,1948,2337,0.436
without_name,0.7547832274949038,0.7331136738056013,0.6952219763051686,0.7373737373737373,99,7284,1944,2341,0.437
without_name,0.7552548234436254,0.7340118278091047,0.6948314021611769,0.7474747474747475,99,7271,1934,2344,0.438
without_name,0.7550599624464005,0.7341319014181468,0.6941804452545242,0.7474747474747475,99,7263,1931,2349,0.439
without_name,0.7555729615252423,0.7345925823797049,0.693659679729202,0.7474747474747475,99,7253,1925,2353,0.44
without_name,0.7556712750579637,0.7347220306249138,0.6933992969665408,0.7474747474747475,99,7249,1923,2355,0.441
without_name,0.7558342610306095,0.7356274184632393,0.6930087228225491,0.7474747474747475,99,7236,1913,2358,0.442
without_name,0.7558491362765383,0.7359612724757953,0.6927483400598881,0.7474747474747475,99,7230,1909,2360,0.443
without_name,0.7556626375535819,0.7367618519545328,0.6919671917719047,0.7474747474747475,99,7214,1899,2366,0.444
without_name,0.7556814493891922,0.7368201997780244,0.6914464262465825,0.7474747474747475,99,7208,1897,2370,0.445
without_name,0.7555331190926228,0.7370833333333333,0.6909256607212603,0.7474747474747475,99,7200,1893,2374,0.446
without_name,0.7553949545604804,0.7373400111296605,0.6900143210519464,0.7474747474747475,99,7188,1888,2381,0.447
without_name,0.7551527642978821,0.7374286112271904,0.689233172763963,0.7474747474747475,99,7179,1885,2387,0.448
without_name,0.7548952440268636,0.7374216027874565,0.6888425986199713,0.7474747474747475,99,7175,1884,2390,0.449
without_name,0.7550675718075756,0.7377963737796374,0.6887124072386408,0.7474747474747475,99,7170,1880,2391,0.45
without_name,0.7547785506667953,0.7378857701438346,0.6879312589506574,0.7474747474747475,99,7161,1877,2397,0.451
without_name,0.7548368117187263,0.7382184309886729,0.6872803020440047,0.7474747474747475,99,7151,1872,2402,0.452
without_name,0.7546607708772511,0.7383818589025756,0.6867595365186825,0.7474747474747475,99,7144,1869,2406,0.453
without_name,0.75472938095955,0.7387589298221039,0.6866293451373519,0.7474747474747475,99,7139,1865,2407,0.454
without_name,0.7547639491077849,0.7391304347826086,0.6861085796120296,0.7474747474747475,99,7130,1860,2411,0.455
without_name,0.7550470000697258,0.7395760213393233,0.6858481968493686,0.7474747474747475,99,7123,1855,2413,0.456
without_name,0.7552020819707561,0.7399128356530297,0.6851972399427158,0.7474747474747475,99,7113,1850,2418,0.457
without_name,0.7551007678480306,0.7404644616467276,0.6849368571800547,0.7474747474747475,99,7105,1844,2420,0.458
without_name,0.7549072181540413,0.7407668452213138,0.6841557088920713,0.7474747474747475,99,7094,1839,2426,0.459
without_name,0.7547196115751684,0.7414620378210556,0.6840255175107408,0.7474747474747475,99,7086,1832,2427,0.46
without_name,0.7545442240824947,0.7415984185258402,0.6837651347480797,0.7474747474747475,99,7082,1830,2429,0.461
without_name,0.7541707178946461,0.7417667844522968,0.6832443692227574,0.7474747474747475,99,7075,1827,2433,0.462
without_name,0.7539361827938257,0.7423556058890147,0.6827236036974352,0.7474747474747475,99,7064,1820,2437,0.463
without_name,0.7540157585309385,0.7427033153867951,0.6824632209347741,0.7474747474747475,99,7058,1816,2439,0.464
without_name,0.753810870876339,0.742662696724798,0.6819424554094519,0.7474747474747475,99,7053,1815,2443,0.465
without_name,0.7536610200475983,0.7430032675095894,0.6809009243588074,0.7474747474747475,99,7039,1809,2451,0.466
without_name,0.7536053981689635,0.7431740614334471,0.6803801588334852,0.7474747474747475,99,7032,1806,2455,0.467
without_name,0.7537978774578454,0.7436663820096784,0.6802499674521547,0.7474747474747475,99,7026,1801,2456,0.468
without_name,0.754004869597669,0.7439806240205158,0.679859393308163,0.7474747474747475,99,7019,1797,2459,0.469
without_name,0.7537365832172976,0.7440832620473339,0.6794688191641713,0.7474747474747475,99,7014,1795,2462,0.47
without_name,0.7527898782876364,0.7443952591746394,0.678687670876188,0.7474747474747475,99,7003,1790,2468,0.471
without_name,0.7536669699307923,0.7450335858224953,0.678687670876188,0.7575757575757576,99,6997,1784,2468,0.472
without_name,0.7536976020374411,0.745137299771167,0.6782970967321963,0.7575757575757576,99,6992,1782,2471,0.473
without_name,0.7538439258852857,0.7455248460547043,0.6777763312068741,0.7575757575757576,99,6983,1777,2475,0.474
without_name,0.754179794072522,0.7464505951527319,0.6776461398255436,0.7575757575757576,99,6973,1768,2476,0.475
without_numeric_address,0.7507056472189836,0.7518029512925773,0.8821767998958469,0.202020202020202,99,9013,2237,905,0.1
without_numeric_address,0.7974490711061507,0.8147058823529412,0.8655123030855357,0.3939393939393939,99,8160,1512,1033,0.2
without_numeric_address,0.8276162413167646,0.8646917534027222,0.8436401510220023,0.5151515151515151,99,7494,1014,1201,0.3
without_numeric_address,0.8377105764709729,0.8806974190005491,0.8351777112355162,0.5858585858585859,99,7284,869,1266,0.35
without_numeric_address,0.8459590640456994,0.893760539629005,0.8280171852623356,0.6363636363636364,99,7116,756,1321,0.4
without_numeric_address,0.8535909531259037,0.916359345036141,0.8087488608254133,0.6868686868686869,99,6779,567,1469,0.45
without_numeric_address,0.8609090879553007,0.9298457816752344,0.8006769951829189,0.7272727272727273,99,6614,464,1531,0.5
without_numeric_address,0.8652789102608343,0.9398484614195144,0.7913032157271188,0.7777777777777778,99,6467,389,1603,0.55
without_numeric_address,0.8640171073208004,0.9477351916376306,0.7790652258820466,0.8181818181818182,99,6314,330,1697,0.6
without_numeric_address,0.8633661630591094,0.9561189663578742,0.7659158963676604,0.8585858585858586,99,6153,270,1798,0.65
without_numeric_address,0.8581489372070852,0.9641601071847262,0.7495117823200104,0.8585858585858586,99,5971,214,1924,0.7
without_numeric_address,0.852991934282417,0.9733495906636476,0.7275094388751465,0.9090909090909092,99,5741,153,2093,0.75
without_numeric_address,0.8426482283604855,0.9810633648943918,0.7014711626090353,0.9393939393939394,99,5492,104,2293,0.8
without_numeric_address,0.8368517058247628,0.9845149253731345,0.6870199192813435,0.9494949494949496,99,5360,83,2404,0.82
without_numeric_address,0.8301081397251976,0.9856979405034324,0.6729592500976436,0.9494949494949496,99,5244,75,2512,0.84
without_numeric_address,0.8210350246895746,0.9880345233424872,0.6557739877620101,0.9494949494949496,99,5098,61,2644,0.86
without_numeric_address,0.812996626344062,0.9911147011308562,0.6389792995703685,0.9595959595959596,99,4952,44,2773,0.88
without_numeric_address,0.7984184535104449,0.9936948297604036,0.6155448509308684,0.9797979797979798,99,4758,30,2953,0.9
without_numeric_address,0.7918559331479378,0.9935965848452508,0.6060408800937378,0.9797979797979798,99,4685,30,3026,0.91
without_numeric_address,0.7812668826502562,0.9949649737302976,0.5917198281473767,0.9797979797979798,99,4568,23,3136,0.92
without_numeric_address,0.7738038724374984,0.9961985688729876,0.5800026038276266,0.9797979797979798,99,4472,17,3226,0.93
without_numeric_address,0.7626908618064036,0.9967867798944228,0.5654211691186043,0.9797979797979798,99,4357,14,3338,0.94
without_numeric_address,0.7488103774018592,0.9971503205889336,0.5466736102070043,0.9797979797979798,99,4211,12,3482,0.95
without_numeric_address,0.7347847544294124,0.9975296442687748,0.5257127978127848,0.98989898989899,99,4048,10,3643,0.96
without_numeric_address,0.7148912028597666,0.9984289080911232,0.4964197370134097,1.0,99,3819,6,3868,0.97
without_numeric_address,0.6780018101386747,0.998853539696188,0.4537169639369873,1.0,99,3489,4,4196,0.98
without_numeric_address,0.6067380084970841,0.9986291980808774,0.3793776851972399,1.0,99,2918,4,4767,0.99
without_numeric_address,0.5245287490666052,0.9982869379014988,0.3034761098815258,1.0,99,2335,4,5350,0.995
without_numeric_address,0.2773639804213096,1.0,0.123421429501367,1.0,99,948,0,6733,0.999
without_numeric_address,0.8631178583289071,0.9344738047960898,0.7965108709803411,0.7474747474747475,99,6547,429,1563,0.525
without_numeric_address,0.8630436037830118,0.934596577017115,0.79625048821768,0.7474747474747475,99,6544,428,1565,0.526
without_numeric_address,0.8626365093371005,0.9347194618559852,0.7959901054550189,0.7474747474747475,99,6541,427,1567,0.527
without_numeric_address,0.8626999565511332,0.9348623853211008,0.7959901054550189,0.7474747474747475,99,6540,426,1567,0.528
without_numeric_address,0.8626999565511332,0.9348623853211008,0.7959901054550189,0.7474747474747475,99,6540,426,1567,0.529
without_numeric_address,0.8631750667767056,0.9351185921958683,0.7955995313110272,0.7575757575757576,99,6535,424,1570,0.53
without_numeric_address,0.8631331599955088,0.935251798561151,0.7954693399296967,0.7575757575757576,99,6533,423,1571,0.531
without_numeric_address,0.8632704255944433,0.9355184561188544,0.7952089571670355,0.7575757575757576,99,6529,421,1573,0.532
without_numeric_address,0.8633480906715647,0.9356617647058824,0.7952089571670355,0.7575757575757576,99,6528,420,1573,0.533
without_numeric_address,0.8632472890597843,0.9357559030972096,0.7945580002603828,0.7575757575757576,99,6522,419,1578,0.534
without_numeric_address,0.863170271191639,0.9358600583090378,0.7940372347350605,0.7575757575757576,99,6517,418,1582,0.535
without_numeric_address,0.863170271191639,0.9361375498925392,0.79390704335373,0.7575757575757576,99,6514,416,1583,0.536
without_numeric_address,0.8634281775171346,0.9365298908867372,0.7933862778284078,0.7575757575757576,99,6507,413,1587,0.537
without_numeric_address,0.8637047289728981,0.9370962780682868,0.7932560864470772,0.7575757575757576,99,6502,409,1588,0.538
without_numeric_address,0.8637047289728981,0.9372307692307692,0.7931258950657466,0.7575757575757576,99,6500,408,1589,0.539
without_numeric_address,0.8638031100435227,0.9375096198245344,0.7929957036844161,0.7575757575757576,99,6497,406,1590,0.54
without_numeric_address,0.863895881566516,0.9377887280566676,0.7928655123030856,0.7575757575757576,99,6494,404,1591,0.541
without_numeric_address,0.8637733752038634,0.937904468412943,0.7924749381590939,0.7575757575757576,99,6490,403,1594,0.542
without_numeric_address,0.8639851743412634,0.9383382148913212,0.7924749381590939,0.7575757575757576,99,6487,400,1594,0.543
without_numeric_address,0.8645689347736837,0.9387629184019745,0.7923447467777633,0.7676767676767676,99,6483,397,1595,0.544
without_numeric_address,0.8644726624385018,0.9387534711508794,0.7922145553964327,0.7676767676767676,99,6482,397,1596,0.545
without_numeric_address,0.8644660609069467,0.9388888888888888,0.7920843640151022,0.7676767676767676,99,6480,396,1597,0.546
without_numeric_address,0.8651888250794627,0.9393143915997528,0.7919541726337717,0.7777777777777778,99,6476,393,1598,0.547
without_numeric_address,0.8651991542008672,0.9394407539008188,0.7916937898711105,0.7777777777777778,99,6473,392,1600,0.548
without_numeric_address,0.8650671235697609,0.9394220367794776,0.7914334071084494,0.7777777777777778,99,6471,392,1602,0.549
without_numeric_address,0.8652789102608343,0.9398484614195144,0.7913032157271188,0.7777777777777778,99,6467,389,1603,0.55
without_numeric_address,0.8655982061116652,0.939965960080458,0.7909126415831272,0.7878787878787878,99,6463,388,1606,0.551
without_numeric_address,0.8656093144580324,0.940102151369757,0.7907824502017966,0.7878787878787878,99,6461,387,1607,0.552
without_numeric_address,0.8655226693563688,0.9400836042731072,0.7905220674391356,0.7878787878787878,99,6459,387,1609,0.553
without_numeric_address,0.8654356679959745,0.9405020142547258,0.7902616846764744,0.7878787878787878,99,6454,384,1611,0.554
without_numeric_address,0.865505289917491,0.940902745463006,0.7897409191511522,0.7878787878787878,99,6447,381,1615,0.555
without_numeric_address,0.8654606559315747,0.941322570630239,0.789480536388491,0.7878787878787878,99,6442,378,1617,0.556
without_numeric_address,0.8656660369132957,0.9414687160378824,0.789480536388491,0.7878787878787878,99,6441,377,1617,0.557
without_numeric_address,0.8657106943326406,0.9416058394160584,0.7893503450071605,0.7878787878787878,99,6439,376,1618,0.558
without_numeric_address,0.8656818126320861,0.941596769182976,0.78922015362583,0.7878787878787878,99,6438,376,1619,0.559
without_numeric_address,0.8654666377115044,0.9415695415695416,0.7888295794818383,0.7878787878787878,99,6435,376,1622,0.56
without_numeric_address,0.8654554280030089,0.9418079975105026,0.7880484311938549,0.7878787878787878,99,6427,374,1628,0.561
without_numeric_address,0.8650703386622819,0.9417989417989416,0.7879182398125244,0.7878787878787878,99,6426,374,1629,0.562
without_numeric_address,0.8656578568931953,0.9425233644859812,0.7877880484311939,0.7878787878787878,99,6420,369,1630,0.5630000000000001
without_numeric_address,0.8657778847396557,0.9426701978501324,0.7877880484311939,0.7878787878787878,99,6419,368,1630,0.5640000000000001
without_numeric_address,0.8657034924806516,0.9427992518703242,0.7875276656685327,0.7878787878787878,99,6416,367,1632,0.5650000000000001
without_numeric_address,0.8655796560185927,0.9429195258889582,0.787137091524541,0.7878787878787878,99,6412,366,1635,0.5660000000000001
without_numeric_address,0.8655376462723314,0.9429106223678052,0.7870069001432105,0.7878787878787878,99,6411,366,1636,0.5670000000000001
without_numeric_address,0.865357604502641,0.94289280699017,0.7867465173805495,0.7878787878787878,99,6409,366,1638,0.5680000000000001
without_numeric_address,0.8653869446428869,0.9431782703715268,0.7866163259992188,0.7878787878787878,99,6406,364,1639,0.5690000000000001
without_numeric_address,0.8655013711898457,0.943316677076827,0.7864861346178883,0.7878787878787878,99,6404,363,1640,0.5700000000000001
without_numeric_address,0.8651765362127464,0.9434375,0.7860955604738966,0.7878787878787878,99,6400,362,1643,0.5710000000000001
without_numeric_address,0.8651281303747488,0.9434198186933416,0.7858351777112356,0.7878787878787878,99,6398,362,1645,0.5720000000000001
without_numeric_address,0.8652670456704945,0.9437060203283816,0.7857049863299049,0.7878787878787878,99,6395,360,1646,0.5730000000000001
without_numeric_address,0.8653643313986781,0.9438536127619644,0.7857049863299049,0.7878787878787878,99,6394,359,1646,0.5740000000000001
without_numeric_address,0.865498645010022,0.944279229926436,0.7854446035672439,0.7878787878787878,99,6389,356,1648,0.5750000000000001
without_retrieval_flags,0.7884811850715341,0.784750259545507,0.8856919671917719,0.3838383838383838,99,8669,1866,878,0.1
without_retrieval_flags,0.8340942988211505,0.851161603267807,0.8681161307121469,0.5858585858585859,99,7834,1166,1013,0.2
without_retrieval_flags,0.8664007673956575,0.9050535987748852,0.846374170029944,0.7171717171717171,99,7183,682,1180,0.3
without_retrieval_flags,0.8736323741382065,0.9205487282080594,0.8386928785314413,0.7575757575757576,99,6998,556,1239,0.35
without_retrieval_flags,0.8786363973034921,0.930833211732088,0.8304908215076162,0.7878787878787878,99,6853,474,1302,0.4
without_retrieval_flags,0.8842841275526772,0.9510712657650812,0.8148678557479495,0.8282828282828283,99,6581,322,1422,0.45
without_retrieval_flags,0.8874017470828308,0.9579352850539292,0.8093998177320662,0.8585858585858586,99,6490,273,1464,0.5
without_retrieval_flags,0.8895772455546438,0.9642410993129296,0.8039317797161828,0.8787878787878788,99,6404,229,1506,0.55
without_retrieval_flags,0.8928952689133492,0.9716278332540814,0.7980731675563077,0.9292929292929292,99,6309,179,1551,0.6
without_retrieval_flags,0.8929845000880567,0.976102646351243,0.7923447467777633,0.9393939393939394,99,6235,149,1595,0.65
without_retrieval_flags,0.8920165958133207,0.9823615874571288,0.7831011587032939,0.9494949494949496,99,6123,108,1666,0.7
without_retrieval_flags,0.8867498800913979,0.9850771016415188,0.7734669964848327,0.9494949494949496,99,6031,90,1740,0.75
without_retrieval_flags,0.8813866813123659,0.9898562975486052,0.7622705376904049,0.9494949494949496,99,5915,60,1826,0.8
without_retrieval_flags,0.8801301972570993,0.991296928327645,0.7562817341491993,0.9696969696969696,99,5860,51,1872,0.82
without_retrieval_flags,0.8744041537025281,0.9915400552486188,0.7476891029813826,0.9696969696969696,99,5792,49,1938,0.84
without_retrieval_flags,0.8704910238609178,0.9921438547486032,0.7398776201015492,0.9696969696969696,99,5728,45,1998,0.86
without_retrieval_flags,0.8629400788338318,0.9932588256164626,0.7289415440697826,0.9797979797979798,99,5637,38,2082,0.88
without_retrieval_flags,0.8548872446169765,0.9943992773261066,0.7165733628433798,0.98989898989899,99,5535,31,2177,0.9
without_retrieval_flags,0.8516299500652869,0.9948886454910552,0.7095430282515297,0.98989898989899,99,5478,28,2231,0.91
without_retrieval_flags,0.8446522354668369,0.995380635624538,0.7013409712277048,0.98989898989899,99,5412,25,2294,0.92
without_retrieval_flags,0.8390313946219163,0.9958847736625516,0.6931389142038797,0.98989898989899,99,5346,22,2357,0.93
without_retrieval_flags,0.8323656024602576,0.9963926333776344,0.6832443692227574,0.98989898989899,99,5267,19,2433,0.94
without_retrieval_flags,0.826232524965299,0.9967295113505196,0.6745215466736102,0.98989898989899,99,5198,17,2500,0.95
without_retrieval_flags,0.8165410442642498,0.997832939322301,0.6594193464392657,0.98989898989899,99,5076,11,2616,0.96
without_retrieval_flags,0.8042889682941775,0.9979683055668428,0.6395000650956907,0.98989898989899,99,4922,10,2769,0.97
without_retrieval_flags,0.7830632628048386,0.9987228607918264,0.6108579612029683,0.98989898989899,99,4698,6,2989,0.98
without_retrieval_flags,0.736883651979835,0.9992828113793928,0.5441999739617237,1.0,99,4183,3,3501,0.99
without_retrieval_flags,0.6706685200434535,0.9997176736307172,0.4610076812914985,1.0,99,3542,1,4140,0.995
without_retrieval_flags,0.3097486160796266,1.0,0.1477672178101809,1.0,99,1135,0,6546,0.999
without_retrieval_flags,0.8932745441756546,0.9740156225091664,0.7954693399296967,0.9393939393939394,99,6273,163,1571,0.625
without_retrieval_flags,0.8932745441756546,0.9740156225091664,0.7954693399296967,0.9393939393939394,99,6273,163,1571,0.626
without_retrieval_flags,0.8932745441756546,0.9740156225091664,0.7954693399296967,0.9393939393939394,99,6273,163,1571,0.627
without_retrieval_flags,0.8931686446069547,0.9740073353532132,0.7952089571670355,0.9393939393939394,99,6271,163,1573,0.628
without_retrieval_flags,0.8931635184176787,0.9741544352265477,0.7949485744043744,0.9393939393939394,99,6268,162,1575,0.629
without_retrieval_flags,0.8933051762823033,0.9744612928970472,0.7948183830230439,0.9393939393939394,99,6265,160,1576,0.63
without_retrieval_flags,0.8932570401147124,0.9744572158365262,0.7946881916417133,0.9393939393939394,99,6264,160,1577,0.631
without_retrieval_flags,0.8932570401147124,0.9744572158365262,0.7946881916417133,0.9393939393939394,99,6264,160,1577,0.632
without_retrieval_flags,0.8933690661047421,0.9746128053648412,0.7946881916417133,0.9393939393939394,99,6263,159,1577,0.633
without_retrieval_flags,0.8933401844041875,0.9746087511977004,0.7945580002603828,0.9393939393939394,99,6262,159,1578,0.634
without_retrieval_flags,0.8933401844041875,0.9746087511977004,0.7945580002603828,0.9393939393939394,99,6262,159,1578,0.635
without_retrieval_flags,0.8933401844041875,0.9746087511977004,0.7945580002603828,0.9393939393939394,99,6262,159,1578,0.636
without_retrieval_flags,0.8933401844041875,0.9746087511977004,0.7945580002603828,0.9393939393939394,99,6262,159,1578,0.637
without_retrieval_flags,0.8933224110500002,0.9746046957355056,0.7944278088790522,0.9393939393939394,99,6261,159,1579,0.638
without_retrieval_flags,0.8932394270144222,0.9747442455242968,0.79390704335373,0.9393939393939394,99,6256,158,1583,0.639
without_retrieval_flags,0.8932602047397951,0.9750479846449136,0.7936466605910689,0.9393939393939394,99,6252,156,1585,0.64
without_retrieval_flags,0.8932602047397951,0.9750479846449136,0.7936466605910689,0.9393939393939394,99,6252,156,1585,0.641
without_retrieval_flags,0.893205191976834,0.97504,0.7933862778284078,0.9393939393939394,99,6250,156,1587,0.642
without_retrieval_flags,0.8931928044875519,0.9751920614596672,0.7932560864470772,0.9393939393939394,99,6248,155,1588,0.643
without_retrieval_flags,0.8932611953542329,0.9754925516578568,0.7928655123030856,0.9393939393939394,99,6243,153,1591,0.644
without_retrieval_flags,0.8930473765174936,0.975801282051282,0.792735320921755,0.9393939393939394,99,6240,151,1592,0.645
without_retrieval_flags,0.8930473765174936,0.975801282051282,0.792735320921755,0.9393939393939394,99,6240,151,1592,0.646
without_retrieval_flags,0.8930456392723475,0.975953831356204,0.7926051295404244,0.9393939393939394,99,6238,150,1593,0.647
without_retrieval_flags,0.8929845000880567,0.976102646351243,0.7923447467777633,0.9393939393939394,99,6235,149,1595,0.648
without_retrieval_flags,0.8929845000880567,0.976102646351243,0.7923447467777633,0.9393939393939394,99,6235,149,1595,0.649
without_retrieval_flags,0.8929845000880567,0.976102646351243,0.7923447467777633,0.9393939393939394,99,6235,149,1595,0.65
without_retrieval_flags,0.8929556183875021,0.9760988129611806,0.7922145553964327,0.9393939393939394,99,6234,149,1596,0.651
without_retrieval_flags,0.8930876490186087,0.9762516046213092,0.7920843640151022,0.9393939393939394,99,6232,148,1597,0.652
without_retrieval_flags,0.8929556183875021,0.9762439807383628,0.7918239812524411,0.9393939393939394,99,6230,148,1599,0.653
without_retrieval_flags,0.8927803851915258,0.9773166023166024,0.7909126415831272,0.9393939393939394,99,6216,141,1606,0.654
without_retrieval_flags,0.8924925546119418,0.9774593463210434,0.7903918760578049,0.9393939393939394,99,6211,140,1610,0.655
without_retrieval_flags,0.8924705495067572,0.9774557165861514,0.7902616846764744,0.9393939393939394,99,6210,140,1611,0.656
without_retrieval_flags,0.8926795980060092,0.977770618556701,0.7902616846764744,0.9393939393939394,99,6208,138,1611,0.657
without_retrieval_flags,0.8927104545236956,0.9779245891073156,0.7901314932951439,0.9393939393939394,99,6206,137,1612,0.658
without_retrieval_flags,0.8927104545236956,0.9779245891073156,0.7901314932951439,0.9393939393939394,99,6206,137,1612,0.659
without_retrieval_flags,0.8928644902599864,0.978082191780822,0.7901314932951439,0.9393939393939394,99,6205,136,1612,0.66
without_retrieval_flags,0.8928644902599864,0.978082191780822,0.7901314932951439,0.9393939393939394,99,6205,136,1612,0.661
without_retrieval_flags,0.8926409836156216,0.978222293918374,0.789480536388491,0.9393939393939394,99,6199,135,1617,0.662
without_retrieval_flags,0.8925779280510582,0.9782152654510248,0.78922015362583,0.9393939393939394,99,6197,135,1619,0.663
without_retrieval_flags,0.8925938546669255,0.9783696529459242,0.7890899622444995,0.9393939393939394,99,6195,134,1620,0.664
without_retrieval_flags,0.8924975823317438,0.978362667527854,0.7888295794818383,0.9393939393939394,99,6193,134,1622,0.665
without_retrieval_flags,0.8924453077606043,0.978359173126615,0.7886993881005078,0.9393939393939394,99,6192,134,1623,0.666
without_retrieval_flags,0.892095976715802,0.9785102601389564,0.7884390053378466,0.9393939393939394,99,6189,133,1625,0.667
without_retrieval_flags,0.8922221085424883,0.9786614936954412,0.7881786225751856,0.9393939393939394,99,6186,132,1627,0.668
without_retrieval_flags,0.8924913793466482,0.9789746077955684,0.7880484311938549,0.9393939393939394,99,6183,130,1628,0.669
without_retrieval_flags,0.8925522828131701,0.9791228354102606,0.7876578570498634,0.9393939393939394,99,6179,129,1631,0.67
without_retrieval_flags,0.8928500852366656,0.9794365284974094,0.7875276656685327,0.9393939393939394,99,6176,127,1632,0.671
without_retrieval_flags,0.8929367303383292,0.9795951417004048,0.7875276656685327,0.9393939393939394,99,6175,126,1632,0.672
without_retrieval_flags,0.8930665745647538,0.9799060119915736,0.7872672829058717,0.9393939393939394,99,6171,124,1634,0.673
without_retrieval_flags,0.8930006650429756,0.9798994974874372,0.7870069001432105,0.9393939393939394,99,6169,124,1636,0.674
without_retrieval_flags,0.8928730424858243,0.9798929787579048,0.7867465173805495,0.9393939393939394,99,6167,124,1638,0.675
hard_negatives_5to1,0.0726885943444256,0.0541315718778148,0.8919411534956386,0.0,99,126562,119711,830,0.1
hard_negatives_5to1,0.0721567926522211,0.0535949894288394,0.8778804843119385,0.0,99,125814,119071,938,0.2
hard_negatives_5to1,0.0715809515410492,0.0531760494105884,0.8586121598750163,0.0,99,124022,117427,1086,0.3
hard_negatives_5to1,0.0717849214862536,0.0534240755567901,0.8513214425205051,0.0,99,122398,115859,1142,0.35
hard_negatives_5to1,0.0723476584623983,0.0539716559504228,0.8458534045046218,0.0,99,120378,113881,1184,0.4
hard_negatives_5to1,0.0745710988444024,0.0560004205288149,0.8321833094649134,0.0,99,114142,107750,1289,0.45
hard_negatives_5to1,0.0840466178466661,0.0625713161518788,0.8281473766436662,0.0,99,101660,95299,1320,0.5
hard_negatives_5to1,0.1049181083453392,0.0740984145239464,0.82202838172113,0.0,99,85211,78897,1367,0.55
hard_negatives_5to1,0.1300066264430411,0.0846972397774536,0.8165603437052467,0.0,99,74052,67780,1409,0.6
hard_negatives_5to1,0.1465559161001077,0.0905524396268635,0.8113526884520245,0.0,99,68822,62590,1449,0.65
hard_negatives_5to1,0.1545988426576326,0.0932711324486314,0.8043223538601745,0.0,99,66237,60059,1503,0.7
hard_negatives_5to1,0.1588018028495285,0.0947265625,0.7955995313110272,0.0,99,64512,58401,1570,0.75
hard_negatives_5to1,0.1619106412660777,0.0958314742813436,0.7829709673219633,0.0,99,62756,56742,1667,0.8
hard_negatives_5to1,0.1637209946120467,0.0964790550571225,0.7784142689753938,0.0,99,61972,55993,1702,0.82
hard_negatives_5to1,0.1649193040827933,0.0969455294252234,0.7722952740528577,0.0,99,61189,55257,1749,0.84
hard_negatives_5to1,0.1663670922385474,0.0975447799598266,0.7650045566983465,0.0,99,60239,54363,1805,0.86
hard_negatives_5to1,0.1679636569868944,0.0984017337125829,0.756672308293191,0.0,99,59064,53252,1869,0.88
hard_negatives_5to1,0.1709485476530512,0.1001410682875006,0.7486004426506965,0.0,99,57419,51669,1931,0.9
hard_negatives_5to1,0.1730948314941572,0.101334044823906,0.741700299440177,0.0,99,56220,50523,1984,0.91
hard_negatives_5to1,0.1769751925517497,0.1038577301424166,0.736753026949616,0.0,99,54488,48829,2022,0.92
hard_negatives_5to1,0.1838658754701175,0.1082330637985066,0.7284207785444604,0.0,99,51694,46099,2086,0.93
hard_negatives_5to1,0.1969601800954622,0.1163254593175853,0.7212602525712798,0.0,99,47625,42085,2141,0.94
hard_negatives_5to1,0.2157836288950694,0.1292211779152694,0.712407238640802,0.0,99,42346,36874,2209,0.95
hard_negatives_5to1,0.2404511302500466,0.1473331870061457,0.6991277177450853,0.0,99,36448,31078,2311,0.96
hard_negatives_5to1,0.2706468609376581,0.1718714083998292,0.6814216898841297,0.0101010101010101,99,30453,25219,2447,0.97
hard_negatives_5to1,0.3130506109498249,0.2104669146846131,0.6555136049993491,0.0303030303030303,99,23923,18888,2646,0.98
hard_negatives_5to1,0.3624239280192115,0.2609511889862328,0.59718786616326,0.0303030303030303,99,17578,12991,3094,0.99
hard_negatives_5to1,0.3736551114627671,0.2868776341167226,0.5228485874235126,0.0606060606060606,99,13999,9983,3665,0.995
hard_negatives_5to1,0.40594364636102,0.6709511568123393,0.2378596536909256,0.8080808080808081,99,2723,896,5854,0.999
hard_negatives_5to1,0.2856118981484724,0.1847081489938632,0.674000781148288,0.0101010101010101,99,28028,22851,2504,0.974
hard_negatives_5to1,0.2883128942940531,0.1865030674846625,0.6728290587163129,0.0303030303030303,99,27710,22542,2513,0.97452
hard_negatives_5to1,0.2899730330330912,0.1881957878599846,0.6712667621403463,0.0303030303030303,99,27397,22241,2525,0.97504
hard_negatives_5to1,0.2918300841642642,0.1902630313343938,0.669574274183049,0.0303030303030303,99,27031,21888,2538,0.97556
hard_negatives_5to1,0.2937027172255133,0.1921405559301715,0.6677515948444213,0.0303030303030303,99,26694,21565,2552,0.97608
hard_negatives_5to1,0.2958782091398681,0.1940893053605979,0.6660591068871241,0.0303030303030303,99,26359,21243,2565,0.9766
hard_negatives_5to1,0.2985219947351241,0.1963612585583506,0.664627001692488,0.0303030303030303,99,25998,20893,2576,0.97712
hard_negatives_5to1,0.3003488016093301,0.1983612953570035,0.6618929826845463,0.0303030303030303,99,25630,20546,2597,0.97764
hard_negatives_5to1,0.3031955006281346,0.2007196804934952,0.6608514516339018,0.0303030303030303,99,25289,20213,2605,0.97816
hard_negatives_5to1,0.305865150979393,0.2031187364707768,0.6596797292019269,0.0303030303030303,99,24946,19879,2614,0.97868
hard_negatives_5to1,0.3083053200545893,0.2056645234801009,0.6579872412446296,0.0303030303030303,99,24574,19520,2627,0.9792
hard_negatives_5to1,0.3111252168209296,0.2086888097407438,0.6560343705246713,0.0303030303030303,99,24146,19107,2642,0.97972
hard_negatives_5to1,0.314030346041735,0.2116567000758022,0.654341882567374,0.0303030303030303,99,23746,18720,2655,0.98024
hard_negatives_5to1,0.3168485795882609,0.2141818492857753,0.651998437703424,0.0303030303030303,99,23382,18374,2673,0.98076
hard_negatives_5to1,0.3191331610083615,0.2166941861475623,0.6492644186954823,0.0303030303030303,99,23014,18027,2694,0.98128
hard_negatives_5to1,0.3220226657868823,0.2195186575402958,0.6471813565941935,0.0303030303030303,99,22645,17674,2710,0.9818
hard_negatives_5to1,0.3258440120801984,0.2226010497510206,0.6460096341622185,0.0303030303030303,99,22291,17329,2719,0.98232
hard_negatives_5to1,0.3291699273058959,0.2255385177071924,0.6434058065356073,0.0303030303030303,99,21912,16970,2739,0.98284
hard_negatives_5to1,0.3317094307556302,0.2284706755753526,0.6410623616716573,0.0303030303030303,99,21552,16628,2757,0.98336
hard_negatives_5to1,0.3341123846711792,0.2310338328150033,0.6383283426637156,0.0303030303030303,99,21222,16319,2778,0.98388
hard_negatives_5to1,0.3365985467629204,0.2339946329308031,0.6357245150371046,0.0303030303030303,99,20868,15985,2798,0.9844
hard_negatives_5to1,0.3395091101918146,0.2368382603613695,0.6331206874104934,0.0303030303030303,99,20533,15670,2818,0.98492
hard_negatives_5to1,0.3430229063259949,0.2400535103800228,0.6307772425465434,0.0303030303030303,99,20183,15338,2836,0.98544
hard_negatives_5to1,0.3463039106168184,0.2431491294473883,0.6272620752506184,0.0303030303030303,99,19815,14997,2863,0.98596
hard_negatives_5to1,0.3490285500736407,0.245716630758182,0.6236167165733628,0.0303030303030303,99,19494,14704,2891,0.98648
hard_negatives_5to1,0.3506140331127706,0.2473615804523005,0.619450592370785,0.0303030303030303,99,19235,14477,2923,0.987
hard_negatives_5to1,0.353551614170729,0.2500131974871984,0.6165863819815128,0.0303030303030303,99,18943,14207,2945,0.98752
hard_negatives_5to1,0.3562511854603447,0.2526671312925534,0.61359198021091,0.0303030303030303,99,18653,13940,2968,0.98804
hard_negatives_5to1,0.3577104902319384,0.2546573700838871,0.608644707720349,0.0303030303030303,99,18358,13683,3006,0.98856
hard_negatives_5to1,0.3601083450721085,0.2572630180952908,0.6052597318057544,0.0303030303030303,99,18071,13422,3032,0.98908
hard_negatives_5to1,0.3611897845592037,0.2591801158409717,0.6000520765525322,0.0303030303030303,99,17783,13174,3072,0.9896
hard_negatives_5to1,0.3623765337055807,0.2611624985725705,0.5954953782059628,0.0303030303030303,99,17514,12940,3107,0.99012
hard_negatives_5to1,0.3638612609507943,0.2633381712626995,0.5905481057154016,0.0404040404040404,99,17225,12689,3145,0.99064
hard_negatives_5to1,0.3645155648128164,0.2654375701707735,0.5848196849368572,0.0404040404040404,99,16923,12431,3189,0.99116
hard_negatives_5to1,0.3665122604416541,0.2678915662650602,0.5789610727769822,0.0404040404040404,99,16600,12153,3234,0.99168
hard_negatives_5to1,0.3675122517862572,0.2702055845351335,0.5732326519984378,0.0404040404040404,99,16295,11892,3278,0.9922
hard_negatives_5to1,0.3681060271711186,0.2720035105315947,0.5649004035932821,0.0404040404040404,99,15952,11613,3342,0.99272
hard_negatives_5to1,0.3683821741236996,0.2744004104142619,0.5570889207134487,0.0404040404040404,99,15594,11315,3402,0.99324
hard_negatives_5to1,0.3682747888133478,0.2766348997699638,0.5479755240203098,0.0404040404040404,99,15215,11006,3472,0.99376
hard_negatives_5to1,0.3700001798273735,0.2802521862924547,0.5382111704205181,0.0404040404040404,99,14751,10617,3547,0.99428
hard_negatives_5to1,0.3717115324362442,0.2847691441441441,0.5267543288634292,0.0505050505050505,99,14208,10162,3635,0.9948
hard_negatives_5to1,0.3743124106582103,0.2903819265582456,0.5137351907303737,0.0707070707070707,99,13589,9643,3735,0.99532
hard_negatives_5to1,0.375291576345426,0.2964368706429124,0.4982424163520375,0.101010101010101,99,12910,9083,3854,0.99584
hard_negatives_5to1,0.376937937577499,0.3049657109807486,0.4805363884910819,0.1212121212121212,99,12103,8412,3990,0.99636
hard_negatives_5to1,0.3780543086245158,0.3168849811591602,0.4598359588595235,0.1414141414141414,99,11146,7614,4149,0.99688
hard_negatives_5to1,0.3834764727516219,0.3360016212382207,0.4317146204921234,0.1818181818181818,99,9869,6553,4365,0.9974
hard_negatives_5to1,0.3949966816255802,0.3718706755566738,0.3848457232131232,0.2525252525252525,99,7949,4993,4725,0.99792
hard_negatives_5to1,0.419502450440922,0.4637350085665334,0.3171462049212342,0.5555555555555556,99,5253,2817,5245,0.99844
hard_negatives_5to1,0.4091116947215249,0.6562059238363893,0.2422861606561645,0.8080808080808081,99,2836,975,5820,0.99896
hard_negatives_5to1,0.3481113887450796,0.9115691489361702,0.1784923838041921,0.9393939393939394,99,1504,133,6310,0.99948
hard_negatives_5to1,0.0457486136783733,1.0,0.0,1.0,99,0,0,7681,1.0
mixed_negatives_10to1,0.7635666300861463,0.7435227520139343,0.889207134487697,0.3333333333333333,99,9186,2356,851,0.1
mixed_negatives_10to1,0.8165485390723837,0.8194835393464692,0.8717614893894025,0.5555555555555556,99,8171,1475,985,0.2
mixed_negatives_10to1,0.8525960714384806,0.8765581021310817,0.8514516339018356,0.696969696969697,99,7461,921,1141,0.3
mixed_negatives_10to1,0.8617484782542566,0.8943145663300595,0.841687280302044,0.7373737373737373,99,7229,764,1216,0.35
mixed_negatives_10to1,0.8671716155328457,0.9070458404074704,0.834656945710194,0.7575757575757576,99,7068,657,1270,0.4
mixed_negatives_10to1,0.8764221866307188,0.930576070901034,0.8202057023825022,0.8080808080808081,99,6770,470,1381,0.45
mixed_negatives_10to1,0.8836145759162974,0.9439407676035056,0.8133055591719828,0.8484848484848485,99,6618,371,1434,0.5
mixed_negatives_10to1,0.8865566408272987,0.9517093361950024,0.8082280953000911,0.8787878787878788,99,6523,315,1473,0.55
mixed_negatives_10to1,0.8876701999746269,0.9574335870747244,0.8023694831402162,0.9090909090909092,99,6437,274,1518,0.6
mixed_negatives_10to1,0.8881663898249065,0.9634242472016395,0.7955995313110272,0.9292929292929292,99,6343,232,1570,0.65
mixed_negatives_10to1,0.8882800494486301,0.9713734319716952,0.7863559432365578,0.9494949494949496,99,6218,178,1641,0.7
mixed_negatives_10to1,0.885516144237777,0.9765573770491804,0.7755500585861216,0.9595959595959596,99,6100,143,1724,0.75
mixed_negatives_10to1,0.8818165267182517,0.9814598296308668,0.7650045566983465,0.9696969696969696,99,5987,111,1805,0.8
mixed_negatives_10to1,0.8789164769400354,0.9834710743801652,0.7591459445384715,0.9696969696969696,99,5929,98,1850,0.82
mixed_negatives_10to1,0.8746202654802797,0.984830407363218,0.752245801327952,0.9696969696969696,99,5867,89,1903,0.84
mixed_negatives_10to1,0.8714020573388908,0.987396408839779,0.7445645098294493,0.9696969696969696,99,5792,73,1962,0.86
mixed_negatives_10to1,0.863843187813338,0.9887679887679888,0.7334982424163521,0.9696969696969696,99,5698,64,2047,0.88
mixed_negatives_10to1,0.8586913722827919,0.990900981266726,0.7230829319099076,0.9797979797979798,99,5605,51,2127,0.9
mixed_negatives_10to1,0.8527741682118314,0.9913341758440152,0.7148808748860825,0.9797979797979798,99,5539,48,2190,0.91
mixed_negatives_10to1,0.8483179474556304,0.992879313492788,0.7079807316755631,0.9797979797979798,99,5477,39,2243,0.92
mixed_negatives_10to1,0.8455426923101055,0.9951896392229416,0.7002994401770603,0.98989898989899,99,5405,26,2302,0.93
mixed_negatives_10to1,0.8400476099921927,0.996059298179771,0.6910558521025908,1.0,99,5329,21,2373,0.94
mixed_negatives_10to1,0.830434181449761,0.9969336910693752,0.6772555656815519,1.0,99,5218,16,2479,0.95
mixed_negatives_10to1,0.8184709645395908,0.9972511290005892,0.6612420257778935,1.0,99,5093,14,2602,0.96
mixed_negatives_10to1,0.8038681693747151,0.997771474878444,0.641192553052988,1.0,99,4936,11,2756,0.97
mixed_negatives_10to1,0.7836475522774036,0.998934583422118,0.6103371956776461,1.0,99,4693,5,2993,0.98
mixed_negatives_10to1,0.7349190273766377,0.9995204986813714,0.5427678687670876,1.0,99,4171,2,3512,0.99
mixed_negatives_10to1,0.670508791712359,0.9997154240182128,0.4573623226142429,1.0,99,3514,1,4168,0.995
mixed_negatives_10to1,0.3453474623662697,1.0,0.1715922405936727,1.0,99,1318,0,6363,0.999
mixed_negatives_10to1,0.8896211078068742,0.968307055263577,0.79156359848978,0.9393939393939394,99,6279,199,1601,0.6749999999999999
mixed_negatives_10to1,0.889665765226219,0.9684562689182732,0.7914334071084494,0.9393939393939394,99,6277,198,1602,0.6759999999999999
mixed_negatives_10to1,0.8900701090339824,0.9687549816674638,0.7911730243457883,0.9494949494949496,99,6273,196,1604,0.6769999999999999
mixed_negatives_10to1,0.8901244745879674,0.9689094387755102,0.7911730243457883,0.9494949494949496,99,6272,195,1604,0.6779999999999999
mixed_negatives_10to1,0.890211847799729,0.9690540756101452,0.7909126415831272,0.9494949494949496,99,6269,194,1606,0.6789999999999999
mixed_negatives_10to1,0.8901891954855684,0.9690491384811742,0.7907824502017966,0.9494949494949496,99,6268,194,1607,0.6799999999999999
mixed_negatives_10to1,0.8903092233320289,0.9692037657571406,0.7907824502017966,0.9494949494949496,99,6267,193,1607,0.6809999999999999
mixed_negatives_10to1,0.8904412539631354,0.969358442387488,0.7907824502017966,0.9494949494949496,99,6266,192,1607,0.6819999999999999
mixed_negatives_10to1,0.8904412539631354,0.969358442387488,0.7907824502017966,0.9494949494949496,99,6266,192,1607,0.6829999999999999
mixed_negatives_10to1,0.8899295198562072,0.9694936911036576,0.7902616846764744,0.9494949494949496,99,6261,191,1611,0.6839999999999999
mixed_negatives_10to1,0.8894674126473348,0.9694839431219044,0.7900013019138133,0.9494949494949496,99,6259,191,1613,0.6849999999999999
mixed_negatives_10to1,0.8894151380761953,0.969479066794503,0.7898711105324827,0.9494949494949496,99,6258,191,1614,0.6859999999999999
mixed_negatives_10to1,0.8889769787961237,0.969619443556124,0.789480536388491,0.9494949494949496,99,6254,190,1617,0.6869999999999999
mixed_negatives_10to1,0.8890719985523777,0.9697696737044146,0.7893503450071605,0.9494949494949496,99,6252,189,1618,0.688
mixed_negatives_10to1,0.8890407544616433,0.9699151864298288,0.7890899622444995,0.9494949494949496,99,6249,188,1620,0.689
mixed_negatives_10to1,0.8890691610519722,0.9700656315031216,0.7889597708631688,0.9494949494949496,99,6247,187,1621,0.69
mixed_negatives_10to1,0.8891505267029969,0.9702161729383508,0.7888295794818383,0.9494949494949496,99,6245,186,1622,0.691
mixed_negatives_10to1,0.8890927633018878,0.970211402946829,0.7886993881005078,0.9494949494949496,99,6244,186,1623,0.692
mixed_negatives_10to1,0.8888480623004862,0.970338303671637,0.7879182398125244,0.9494949494949496,99,6237,185,1629,0.693
mixed_negatives_10to1,0.8889843246825897,0.9706448508180944,0.7877880484311939,0.9494949494949496,99,6234,183,1630,0.694
mixed_negatives_10to1,0.8886088625753807,0.970795892169448,0.7876578570498634,0.9494949494949496,99,6232,182,1631,0.695
mixed_negatives_10to1,0.8885738544534966,0.9707912052640024,0.7875276656685327,0.9494949494949496,99,6231,182,1632,0.696
mixed_negatives_10to1,0.8882554055733562,0.9709330335635136,0.787137091524541,0.9494949494949496,99,6227,181,1635,0.697
mixed_negatives_10to1,0.8883238096009856,0.9710843373493976,0.7870069001432105,0.9494949494949496,99,6225,180,1636,0.698
mixed_negatives_10to1,0.8882257868597094,0.971235738389844,0.78687670876188,0.9494949494949496,99,6223,179,1637,0.699
mixed_negatives_10to1,0.8882800494486301,0.9713734319716952,0.7863559432365578,0.9494949494949496,99,6218,178,1641,0.7
mixed_negatives_10to1,0.8882942880461023,0.9715250965250966,0.7862257518552271,0.9494949494949496,99,6216,177,1642,0.701
mixed_negatives_10to1,0.8879869475123293,0.9716540505717508,0.7854446035672439,0.9494949494949496,99,6209,176,1648,0.702
mixed_negatives_10to1,0.8879869475123293,0.9716540505717508,0.7854446035672439,0.9494949494949496,99,6209,176,1648,0.703
mixed_negatives_10to1,0.8875682033048495,0.9716357775987108,0.7849238380419217,0.9494949494949496,99,6205,176,1652,0.704
mixed_negatives_10to1,0.8870226600721529,0.9716266322747058,0.7846634552792605,0.9494949494949496,99,6203,176,1654,0.705
mixed_negatives_10to1,0.8869517686253372,0.9716174810514432,0.7844030725165994,0.9494949494949496,99,6201,176,1656,0.706
mixed_negatives_10to1,0.887049054353521,0.9717741935483872,0.7844030725165994,0.9494949494949496,99,6200,175,1656,0.707
mixed_negatives_10to1,0.8875575604848381,0.9720787604906392,0.7841426897539383,0.9595959595959596,99,6196,173,1658,0.708
mixed_negatives_10to1,0.8875754424615111,0.9722267075730664,0.7838823069912771,0.9595959595959596,99,6193,172,1660,0.709
mixed_negatives_10to1,0.8877294781978018,0.9723837209302324,0.7838823069912771,0.9595959595959596,99,6192,171,1660,0.71
mixed_negatives_10to1,0.8876980916057677,0.9723792602164432,0.7837521156099466,0.9595959595959596,99,6191,171,1661,0.711
mixed_negatives_10to1,0.8877113578414292,0.9725319114558086,0.7836219242286161,0.9595959595959596,99,6189,170,1662,0.712
mixed_negatives_10to1,0.8874087876451436,0.9726758286176233,0.7832313500846244,0.9595959595959596,99,6185,169,1665,0.713
mixed_negatives_10to1,0.8873187667602983,0.9726714100905562,0.7831011587032939,0.9595959595959596,99,6184,169,1666,0.714
mixed_negatives_10to1,0.8873009934061109,0.9726669901342392,0.7829709673219633,0.9595959595959596,99,6183,169,1667,0.715
mixed_negatives_10to1,0.8873762740291101,0.97281993204983,0.7828407759406327,0.9595959595959596,99,6181,168,1668,0.716
mixed_negatives_10to1,0.8873762740291101,0.97281993204983,0.7828407759406327,0.9595959595959596,99,6181,168,1668,0.717
mixed_negatives_10to1,0.8874883000191398,0.9729773462783172,0.7828407759406327,0.9595959595959596,99,6180,167,1668,0.718
mixed_negatives_10to1,0.8874036649991999,0.9729685982518614,0.7825803931779716,0.9595959595959596,99,6178,167,1670,0.719
mixed_negatives_10to1,0.8872708938116689,0.9729554655870444,0.78218981903398,0.9595959595959596,99,6175,167,1673,0.72
mixed_negatives_10to1,0.8871808729268236,0.9729510851959832,0.7820596276526494,0.9595959595959596,99,6174,167,1674,0.721
mixed_negatives_10to1,0.8868108187484623,0.9730999837951708,0.7817992448899883,0.9595959595959596,99,6171,166,1676,0.722
mixed_negatives_10to1,0.8864257294077355,0.973095623987034,0.7816690535086577,0.9595959595959596,99,6170,166,1677,0.723
mixed_negatives_10to1,0.8865226489518931,0.9735647096983456,0.7815388621273271,0.9595959595959596,99,6166,163,1678,0.724
mixed_negatives_10to1,0.8863974949161569,0.9735561323815703,0.7812784793646661,0.9595959595959596,99,6164,163,1680,0.725
